Score,FID,Phenotype
0.7955441,HG00537,1
0.8768743,HG00689,1
0.9109093,HG02408,1
0.92211163,HG00595,1
0.8763497,HG00651,1
0.9296605,HG00463,1
0.87838334,NA18967,1
0.8104571,HG01794,1
0.83578455,HG00458,1
0.28759915,HG02379,1
0.94709706,HG00524,1
0.93184876,NA18635,1
0.0977847,NA19081,1
0.73332864,NA18953,1
0.60286,HG02180,1
0.28745914,NA18579,1
0.94776005,NA19007,1
0.41273814,HG00590,1
0.80096734,HG01815,1
0.8877587,HG02076,1
0.94539523,HG00589,1
0.93353105,HG00629,1
0.9415788,HG02522,1
0.9469429,HG00457,1
0.38942808,NA18949,1
0.3756643,HG02371,1
0.13367623,HG02266,0
0.8993927,NA18961,1
0.94873357,NA18539,1
0.32969213,NA18646,1
0.52606887,NA18552,1
0.90659344,HG01816,1
0.8728632,HG00708,1
0.9366878,NA18620,1
0.72324365,NA18571,1
0.8953874,HG00556,1
0.90964586,HG02019,1
0.8513927,HG00608,1
0.91931677,HG01813,1
0.70351136,NA18602,1
0.70528203,NA18611,1
0.89889574,HG00683,1
0.94427454,HG00634,1
0.94840014,HG00437,1
0.940684,HG02182,1
0.6523051,NA18597,1
0.918119,HG01865,1
0.21979547,NA19006,1
0.30438733,NA18985,1
0.7468307,NA18531,1
0.8951441,HG00407,1
0.94176984,HG00956,1
0.010814965,NA18595,1
0.8587427,NA18643,1
0.9504345,HG00684,1
0.88863754,HG00619,1
0.90069926,HG01805,1
0.47198886,HG00717,1
0.82565,NA18563,1
0.939525,NA18952,1
0.4578081,HG00406,1
0.57542366,HG01598,1
0.4485344,NA18964,1
0.75370765,HG02164,1
0.9495772,HG02184,1
0.94757795,NA19058,1
0.8928125,NA18621,1
0.54418427,NA19070,1
0.27990878,HG00611,1
0.9470768,HG00704,1
0.90176,NA18592,1
0.9498153,NA18641,1
0.038517714,HG00428,1
0.91103435,HG02386,1
0.9381556,NA18628,1
0.5551675,HG00692,1
0.93820053,NA18606,1
0.94833326,HG00654,1
0.6756021,NA19010,1
0.7732419,HG02398,1
0.88445944,HG00698,1
0.9406901,HG02383,1
0.9418601,HG00982,1
0.93730664,NA18605,1
0.95022917,HG00530,1
0.2929728,HG02154,1
0.22148147,HG00500,1
0.0077940524,NA18748,1
0.27506834,NA18532,1
0.9394741,HG02050,1
0.8603196,NA18965,1
0.5753465,NA19000,1
0.94946444,HG01796,1
0.6313595,NA18560,1
0.052738875,HG01953,0
0.9455935,HG02032,1
0.9465064,HG02130,1
0.31410736,NA19060,1
0.6190211,NA19057,1
0.6844305,HG00464,1
0.08889371,NA18962,1
0.9299958,HG02407,1
0.09741661,NA19066,1
0.90142655,HG01802,1
0.7980057,HG01597,1
0.9448298,HG02128,1
0.66121256,HG00421,1
0.88152695,NA18608,1
0.9486122,NA18633,1
0.91983205,HG00599,1
0.89674175,HG00531,1
0.8816133,HG02384,1
0.9357813,HG02385,1
0.3221271,NA18940,1
0.93474615,HG00657,1
0.9437454,NA19082,1
0.20986673,HG02002,0
0.93279123,HG00536,1
0.90734994,NA18972,1
0.071855426,HG01860,1
0.9394107,HG02188,1
0.020530343,NA18557,1
0.950089,HG01858,1
0.88385,HG02040,1
0.007405579,NA18530,1
0.38828868,HG00598,1
0.94351053,HG02025,1
0.8990565,HG02133,1
0.094599485,NA19004,1
0.91594476,HG02153,1
0.78259486,HG01599,1
0.76624024,NA18596,1
0.93803847,NA18542,1
0.924626,NA19075,1
0.95015645,NA18987,1
0.2608255,NA18983,1
0.32980207,NA18570,1
0.9483329,HG00632,1
0.93912244,HG00881,1
0.9065306,HG02137,1
0.28207463,HG00476,1
0.8923166,HG02394,1
0.11773956,NA19732,0
0.8660121,HG01871,1
0.93753064,HG02179,1
0.8486705,HG02355,1
0.79508126,HG02373,1
0.055701822,NA18944,1
0.88926685,NA18629,1
0.9305862,HG02047,1
0.8885704,HG01840,1
0.9342822,HG02127,1
0.47693735,NA18946,1
0.19249538,HG01950,0
0.31455484,HG00404,1
0.915983,HG02190,1
0.9108196,HG01029,1
0.7773212,HG01600,1
0.10752258,NA18998,1
0.94500506,HG00672,1
0.8951065,HG02116,1
0.34248275,HG00867,1
0.28404534,HG02150,0
0.9222071,HG00631,1
0.8633329,HG02017,1
0.30724448,NA18979,1
0.8281816,HG00693,1
0.9172336,HG02134,1
0.65532786,NA19012,1
0.5149393,HG01923,0
0.76097965,NA18548,1
0.15153229,NA18547,1
0.2307547,NA19074,1
0.9227953,HG01855,1
0.050228268,NA18948,1
0.8618292,HG00671,1
0.35312128,NA19011,1
0.9174714,HG01799,1
0.8724624,HG02152,1
0.94645727,HG02389,1
0.22678962,NA18630,1
0.30332965,NA18981,1
0.85475546,HG00978,1
0.3411814,NA19088,1
0.7887557,HG00445,1
0.94533455,NA18973,1
0.94685817,HG01596,1
0.5718347,HG01847,1
0.29643473,NA18942,1
0.9488706,HG02382,1
0.16804546,NA18559,1
0.7442006,NA18757,1
0.93027985,HG02151,1
0.92521477,NA18974,1
0.92921984,HG00662,1
0.83408785,HG02121,1
0.67474854,HG02166,1
0.887349,HG02360,1
0.942616,HG01046,1
0.6147873,HG02185,1
0.8646791,HG02085,1
0.6699231,NA18574,1
0.9187726,HG02250,1
0.013988674,NA18626,1
0.8921027,NA18528,1
0.112161934,NA18947,1
0.84229624,HG02020,1
0.94827396,NA18536,1
0.8531556,HG02084,1
0.8010544,HG01849,1
0.7191836,NA18618,1
0.92221004,HG02079,1
0.2657467,HG01944,0
0.7651007,HG02512,1
0.8933903,NA18526,1
0.87055784,HG00565,1
0.94095325,NA18980,1
0.093337804,HG02003,0
0.91841114,NA18565,1
0.097810894,NA18624,1
0.3383354,HG01938,0
0.90395856,HG01878,1
0.80604637,HG02029,1
0.9454192,HG01868,1
0.7100681,HG01843,1
0.9364935,HG01806,1
0.87100834,HG01845,1
0.051740617,NA19728,0
0.007068455,HG00592,1
0.73317504,NA18623,1
0.8082906,HG02067,1
0.8429053,NA18963,1
0.8393272,HG01795,1
0.030870646,HG02104,0
0.9381502,NA19003,1
0.9183229,HG01800,1
0.37750465,NA18749,1
0.90268385,HG00675,1
0.14253151,HG01951,0
0.7422627,HG01927,0
0.9432882,HG01872,1
0.8981168,NA18591,1
0.007480204,HG02147,0
0.16503999,NA18993,1
0.7451506,NA19072,1
0.6409631,HG02113,1
0.2000634,NA18567,1
0.93286574,NA18986,1
0.8565159,NA18638,1
0.91267353,HG01031,1
0.90076065,HG01873,1
0.8331331,HG01850,1
0.8949244,NA18553,1
0.19524524,NA19726,0
0.92033887,HG02031,1
0.057913423,NA19729,0
0.015535444,NA18535,1
0.044688195,HG01939,0
0.09483385,NA19065,1
0.31970423,HG02356,1
0.7927996,NA18541,1
0.17666522,HG02016,1
0.5852084,NA18619,1
0.90276885,HG01801,1
0.5964706,NA19089,1
0.55642253,HG01866,1
0.7394589,HG02131,1
0.49985784,NA19005,1
0.23409668,NA19758,0
0.11962932,NA19731,0
0.21623412,NA19083,1
0.08320823,HG02304,0
0.007929593,HG02265,0
0.7166147,NA19087,1
0.87261134,HG02380,1
0.12898245,NA18984,1
0.4157716,HG02058,1
0.008003145,HG02285,0
0.020644933,HG02089,0
0.0069052875,HG01917,0
0.9398157,NA19054,1
0.008964419,HG01977,0
0.18284824,HG02262,0
0.010391116,HG01486,0
0.118085474,NA19734,0
0.1250982,NA19720,0
0.34536806,HG01867,1
0.008105665,HG03916,0
0.008018523,NA20849,0
0.008422583,NA19774,0
0.0068900585,NA19741,0
0.26316437,HG01971,0
0.13895077,HG03928,0
0.008532107,HG01970,0
0.07398406,HG03660,0
0.012194246,HG00171,0
0.0082739,HG00361,0
0.2743556,NA19795,0
0.10342327,HG03917,0
0.08074921,HG03905,0
0.050785273,HG00186,0
0.061031222,HG03920,0
0.009361774,HG00313,0
0.109390646,NA20892,0
0.011584222,HG03902,0
0.045501918,NA11932,0
0.011832982,HG00150,0
0.14964181,HG00318,0
0.1431514,NA20867,0
0.045633823,HG00375,0
0.07562879,HG00315,0
0.016197354,HG04061,0
0.034608334,HG03925,0
0.86870515,HG04164,0
0.0075120926,NA19783,0
0.053853005,HG04054,0
0.023681313,HG03689,0
0.008657545,NA19657,0
0.3086816,HG04144,0
0.038439155,NA21088,0
0.036778033,HG03937,0
0.010046691,NA12249,0
0.016219258,HG00369,0
0.23231393,HG03812,0
0.016326696,HG04194,0
0.06747496,HG00177,0
0.02617833,NA19649,0
0.010060608,HG01378,0
0.007109463,HG01932,0
0.013141036,HG03809,0
0.89661205,HG04173,0
0.007956624,HG03625,0
0.01578933,HG03668,0
0.008687973,HG03914,0
0.15722245,HG04140,0
0.19003281,HG00274,0
0.034616858,NA20899,0
0.16642013,HG00281,0
0.39567012,HG03598,0
0.011205345,HG00284,0
0.15442926,HG00267,0
0.10632616,HG04026,0
0.007049769,HG00327,0
0.00782612,HG00110,0
0.29067904,HG04096,0
0.011907876,HG04158,0
0.050787836,NA12778,0
0.0077103674,HG04023,0
0.011570424,HG01565,0
0.15768796,HG03815,0
0.007872671,HG00185,0
0.2953765,HG03009,0
0.05513993,HG03773,0
0.04296708,HG00246,0
0.8534161,HG04195,0
0.033304602,HG01789,0
0.033699274,HG04186,0
0.011627287,NA21104,0
0.05796802,NA21105,0
0.70287114,HG03907,0
0.013062865,HG02790,0
0.010276973,HG00128,0
0.012675375,HG00278,0
0.008350998,HG00269,0
0.009108484,NA20881,0
0.029251426,NA21097,0
0.18771991,NA20850,0
0.0077183247,HG03931,0
0.08893147,HG04159,0
0.04380831,NA20852,0
0.023171067,HG00183,0
0.27695066,NA21128,0
0.011217892,NA19779,0
0.01101166,NA20866,0
0.008810043,HG03781,0
0.008248597,HG00329,0
0.008125693,HG04014,0
0.07768884,NA20851,0
0.11850402,NA12762,0
0.09127289,NA21094,0
0.008309215,HG00107,0
0.037320435,HG03833,0
0.012188762,NA19670,0
0.008797377,NA12889,0
0.0077208877,NA12814,0
0.032144934,HG03919,0
0.03173384,HG03803,0
0.00854972,HG01578,0
0.009426862,HG00357,0
0.008325517,HG00353,0
0.009353697,HG00350,0
0.04673475,NA20760,0
0.058335096,HG03717,0
0.0073165596,NA12776,0
0.065644294,NA12546,0
0.008309215,HG00275,0
0.02666387,HG00360,0
0.023652285,HG03718,0
0.038028896,HG03694,0
0.008222222,NA21116,0
0.014552027,HG03826,0
0.007288754,HG01967,0
0.007572025,NA19747,0
0.009853244,NA12828,0
0.07767457,HG02793,0
0.032086074,HG02700,0
0.019385785,HG00372,0
0.025168955,HG03960,0
0.0779095,HG00335,0
0.7825072,HG00341,0
0.091870576,HG03829,0
0.03782034,NA11829,0
0.0070845485,NA12749,0
0.06499168,HG02724,0
0.023387998,HG00125,0
0.21323109,HG03874,0
0.0885452,NA20900,0
0.009921402,HG00323,0
0.010711908,HG00187,0
0.09433663,HG03615,0
0.13656223,HG03604,0
0.017083436,NA20896,0
0.01773879,HG02652,0
0.008410543,HG00141,0
0.008076727,HG00346,0
0.024216115,NA12287,0
0.0121536255,NA20885,0
0.0080756545,HG03991,0
0.060395867,HG03736,0
0.007725179,NA21115,0
0.0072519183,NA21107,0
0.026067197,HG03934,0
0.008622676,NA12383,0
0.036469877,HG03805,0
0.009612411,HG00306,0
0.009283334,HG01334,0
0.01558423,NA21133,0
0.1823911,HG03866,0
0.008937895,HG01954,0
0.009964734,NA21118,0
0.11309147,HG03681,0
0.100426316,HG03663,0
0.01685837,NA21122,0
0.035928726,NA11893,0
0.010818601,HG03887,0
0.014782637,NA20903,0
0.007713735,HG01435,0
0.052494943,HG01350,0
0.010918319,HG04177,0
0.00840351,HG02725,0
0.0071583986,HG04206,0
0.03472075,HG03897,0
0.008262277,HG03999,0
0.008346289,HG03850,0
0.0071170926,HG01982,0
0.008799195,HG03228,0
0.039411485,HG03238,0
0.014958948,HG04155,0
0.012664795,HG03611,0
0.013776094,NA11930,0
0.009581,HG00344,0
0.013754517,HG00235,0
0.008037835,HG00364,0
0.018175364,NA21091,0
0.007076651,NA12234,0
0.010893524,HG04038,0
0.0101403,HG00155,0
0.008474618,HG03616,0
0.008255601,NA21102,0
0.045028448,HG03686,0
0.07284662,HG01362,0
0.52745503,HG03867,0
0.035635382,HG03785,0
0.15952083,HG04131,0
0.0110548735,HG04017,0
0.008702904,HG03989,0
0.008079231,HG00332,0
0.17412293,NA21143,0
0.010200828,HG00280,0
0.012714535,NA20314,0
0.23461276,HG00334,0
0.0075986385,HG02232,0
0.035411894,HG04015,0
0.014385998,NA20877,0
0.021261662,HG04033,0
0.048422933,NA21103,0
0.21281418,HG04107,0
0.008552581,HG03636,0
0.01099506,HG00356,0
0.11311662,HG03884,0
0.012134045,NA11920,0
0.008666068,NA21127,0
0.012153804,HG00264,0
0.009965032,NA12003,0
0.012275308,HG00321,0
0.025280237,HG03012,0
0.007392317,HG00176,0
0.18472955,NA20868,0
0.015024573,HG03727,0
0.25412908,NA21120,0
0.007442206,HG00336,0
0.048064947,NA10851,0
0.09178406,HG03830,0
0.013444632,HG01271,0
0.02316311,HG03974,0
0.034163386,NA20901,0
0.008309215,NA12873,0
0.0075537562,HG00179,0
0.044639975,NA21125,0
0.5619407,HG03685,0
0.012993842,NA12156,0
0.019686222,HG01625,0
0.08133492,HG04183,0
0.0075559616,HG04029,0
0.016558707,HG03777,0
0.038884044,HG02684,0
0.016637474,HG03796,0
0.063905954,HG01785,0
0.017928064,HG00180,0
0.008220613,HG00351,0
0.0088867545,HG03943,0
0.01594451,HG03947,0
0.09149769,HG04227,0
0.013207436,HG01518,0
0.042088926,HG03793,0
0.0071719885,HG00310,0
0.009294361,HG02655,0
0.013995826,HG03756,0
0.8227961,HG03986,0
0.037754834,HG03753,0
0.053458333,HG03977,0
0.009696007,HG01765,0
0.010029197,NA21124,0
0.046539098,HG04056,0
0.008309215,HG00382,0
0.11121935,HG04106,0
0.009732276,NA12750,0
0.0072822273,NA12872,0
0.007875323,HG00136,0
0.0072932243,HG01680,0
0.03433734,HG04075,0
0.18957385,HG03910,0
0.23504859,HG02681,0
0.008832186,NA12275,0
0.010348469,HG00231,0
0.089353055,NA20540,0
0.11025548,HG04211,0
0.015859187,NA21089,0
0.057501793,HG01459,0
0.02361986,NA20512,0
0.008351862,HG00154,0
0.01066041,HG02792,0
0.04628074,HG03900,0
0.10634932,HG02682,0
0.07248813,HG03969,0
0.008070737,HG00117,0
0.010237098,NA19663,0
0.008199573,NA20887,0
0.007913172,HG03742,0
0.06438726,HG03684,0
0.016697615,NA20876,0
0.017334253,HG00132,0
0.006887883,HG00355,0
0.012451917,HG03770,0
0.00889647,NA12004,0
0.007052958,HG00157,0
0.06114924,HG02658,0
0.012331635,HG03772,0
0.015308619,NA12283,0
0.13922185,HG03744,0
0.007191539,HG00182,0
0.045808285,HG01924,0
0.01528585,HG03873,0
0.08495024,NA06989,0
0.012603402,NA12043,0
0.033771574,HG03490,0
0.045820415,HG00129,0
0.008378595,HG03963,0
0.0077672005,HG00178,0
0.69621176,HG03908,0
0.035267532,HG03870,0
0.017053813,HG01947,0
0.014112115,HG00097,0
0.059931934,HG04060,0
0.014406294,NA20863,0
0.007159084,NA20582,0
0.007930458,NA21098,0
0.008116186,NA20818,0
0.007302493,HG03968,0
0.030285388,HG03714,0
0.008253366,HG00362,0
0.018653333,NA20522,0
0.009132087,HG04042,0
0.015127689,HG02223,0
0.05699265,HG04238,0
0.008287817,HG03858,0
0.008477956,HG04162,0
0.008513302,HG00337,0
0.009792507,HG00159,0
0.008653313,HG01586,0
0.16601342,HG03680,0
0.19431025,NA20581,0
0.008674413,NA21111,0
0.011609435,HG04180,0
0.00924027,NA12829,0
0.026733994,HG01675,0
0.034912586,HG04062,0
0.012185425,HG03634,0
0.006922215,NA12046,0
0.017491639,HG02783,0
0.013418406,HG03672,0
0.008063167,HG04214,0
0.008547634,HG01277,0
0.0077314377,NA20770,0
0.024915218,HG03019,0
0.012531906,NA20534,0
0.0074632764,HG02278,0
0.00780499,HG03967,0
0.008068144,NA20771,0
0.02557084,HG03911,0
0.007092476,NA20802,0
0.014856607,HG00143,0
0.0071822703,NA19762,0
0.044142216,HG02731,0
0.015203118,HG03789,0
0.014852703,NA20778,0
0.007827878,HG00233,0
0.0069122314,HG02219,0
0.015022248,NA20531,0
0.03498289,HG00142,0
0.025824994,HG02696,0
0.00841561,HG00099,0
0.007726401,HG03018,0
0.0088789165,HG03624,0
0.0069497824,NA06986,0
0.008414239,NA12842,0
0.009592414,NA11830,0
0.007181436,NA20511,0
0.0231646,HG03691,0
0.0077009797,HG03746,0
0.007477194,NA19661,0
0.010635674,HG04200,0
0.007145822,HG00126,0
0.07842386,HG01345,0
0.008068562,HG04118,0
0.0073447227,NA12340,0
0.04408306,HG04093,0
0.03941244,HG03745,0
0.010015786,NA20513,0
0.008426815,NA20911,0
0.017132103,HG01513,0
0.1064786,NA12144,0
0.013977498,NA12763,0
0.008768141,HG03951,0
0.45258734,HG04153,0
0.045052588,HG04202,0
0.029811293,HG02688,0
0.16830698,NA21086,0
0.013365954,HG00258,0
0.0082396865,HG01256,0
0.0074454546,NA20586,0
0.092036605,HG03743,0
0.0077338815,HG04188,0
0.013989538,NA20811,0
0.029553115,HG02603,0
0.0077786446,HG00106,0
0.008383036,HG01707,0
0.007460624,NA20845,0
0.008620679,HG02661,0
0.009952128,HG00145,0
0.00820151,HG01606,0
0.022420943,HG01174,0
0.04222977,NA20908,0
0.008662164,HG04216,0
0.01125446,NA20504,0
0.0082117915,HG00174,0
0.014098406,NA20874,0
0.091207266,NA21095,0
0.066004574,HG02784,0
0.00877139,NA19756,0
0.175729,HG01936,0
0.14125311,HG01747,0
0.19424081,NA20884,0
0.02969852,HG01948,0
0.03700316,HG04212,0
0.011221319,NA20518,0
0.007114589,NA20894,0
0.009544969,HG01111,0
0.0073879063,HG01631,0
0.017210752,HG03652,0
0.0090608895,HG01140,0
0.022083133,HG03234,0
0.014175326,NA20530,0
0.0075532496,NA20756,0
0.0074754655,HG03998,0
0.010530204,NA20787,0
0.011916012,HG02775,0
0.0114477575,NA19746,0
0.009458095,NA20527,0
0.007993251,HG01619,0
0.033217818,NA20768,0
0.091436595,HG02600,0
0.063766986,HG03716,0
0.008231372,NA20538,0
0.0070778728,HG03021,0
0.015713781,HG01537,0
0.007867187,NA12815,0
0.06502408,HG03713,0
0.009576052,HG01673,0
0.00877285,HG03762,0
0.011875629,HG03945,0
0.009268433,HG00251,0
0.009099573,HG03775,0
0.18171123,NA20822,0
0.03386414,HG03787,0
0.0077732503,HG03985,0
0.0074682236,HG01623,0
0.05441168,NA19776,0
0.047053367,NA12273,0
0.033827662,NA20753,0
0.008339018,NA20872,0
0.007817298,HG01503,0
0.022681206,NA20819,0
0.0076036155,HG03720,0
0.4780431,HG03780,0
0.08173725,NA21144,0
0.008289695,HG00380,0
0.007940918,HG01494,0
0.008611798,NA19669,0
0.008230746,NA20508,0
0.008601874,HG02733,0
0.011323422,HG00116,0
0.007173717,HG02233,0
0.020370841,HG02252,0
0.007365316,HG00256,0
0.0070384145,NA12761,0
0.023575723,NA20786,0
0.008452535,NA20542,0
0.22900927,NA19789,0
0.007885873,NA12155,0
0.0075446367,HG03771,0
0.006795436,HG01702,0
0.10339287,HG00188,0
0.008733362,NA19681,0
0.0077913404,HG01530,0
0.019386679,HG00102,0
0.007214278,HG01522,0
0.0067253113,HG01097,0
0.033430487,NA20790,0
0.00862512,HG01177,0
0.007688999,HG02230,0
0.02165991,HG00239,0
0.0070980787,HG01602,0
0.008141965,NA20807,0
0.0071011186,HG00254,0
0.025299847,NA19684,0
0.007128924,NA12154,0
0.00749889,HG00255,0
0.016844273,HG02737,0
0.0071519613,HG03854,0
0.0068796873,NA19761,0
0.007741004,HG01773,0
0.007653177,HG01112,0
0.008194327,NA20755,0
0.007221043,NA20801,0
0.007432848,NA20524,0
0.007098317,HG01510,0
0.0073114634,NA19658,0
0.17633885,NA20517,0
0.0074087083,HG01746,0
0.009234339,HG00123,0
0.010588974,NA20759,0
0.0076850653,HG03640,0
0.012476116,HG03690,0
0.00911954,HG01618,0
0.008649439,NA20864,0
0.010578722,NA20799,0
0.008435607,NA20774,0
0.006848067,NA12775,0
0.0070682764,NA07357,0
0.009711146,HG03730,0
0.016651452,HG02649,0
0.0115964115,HG01632,0
0.0076812506,HG01770,0
0.008898824,NA07037,0
0.010281056,HG00236,0
0.019167691,HG04210,0
0.010107338,HG01357,0
0.008862972,HG01783,0
0.008378416,HG01583,0
0.007683009,HG01170,0
0.00914517,HG00244,0
0.0071894825,HG00137,0
0.0070346594,HG01351,0
0.020245463,HG03872,0
0.059158534,NA19654,0
0.013107836,NA20886,0
0.011311859,HG03898,0
0.014195055,HG00263,0
0.0068525076,NA20589,0
0.0078214705,HG02215,0
0.034994245,HG03750,0
0.007196039,NA20506,0
0.007995099,HG01670,0
0.014041185,HG02789,0
0.007878035,HG03731,0
0.033432454,NA20519,0
0.033031404,NA20503,0
0.0077064335,HG01188,0
0.0072793663,HG01275,0
0.006964326,HG02235,0
0.008856267,NA12760,0
0.08754307,HG01669,0
0.0075912476,HG01761,0
0.11716169,HG01705,0
0.023583949,HG04022,0
0.009216607,NA20775,0
0.018108785,HG01353,0
0.018990904,HG01173,0
0.27637774,NA20805,0
0.015241057,HG01767,0
0.0074103177,HG01709,0
0.01080057,NA20588,0
0.06807047,NA19755,0
0.008901536,HG01413,0
0.0076309144,HG02697,0
0.008320123,HG01133,0
0.006898612,NA20525,0
0.030454189,HG01509,0
0.008300006,HG01191,0
0.013523579,HG01620,0
0.0070631206,NA20541,0
0.0082139075,HG00736,0
0.007766992,HG01504,0
0.012030065,NA20544,0
0.009452909,HG01766,0
0.007623881,HG01492,0
0.010343581,HG01149,0
0.007496923,HG01253,0
0.007634878,HG01762,0
0.0068331957,HG01491,0
0.012128621,HG04039,0
0.014786482,NA20792,0
0.009139329,HG01260,0
0.03270176,HG01630,0
0.010972053,NA20509,0
0.0147872865,HG01083,0
0.0073460937,HG01489,0
0.0068894327,HG00130,0
0.014257103,HG01079,0
0.008313805,HG01205,0
0.017319739,HG01136,0
0.0070276856,HG01182,0
0.35295075,HG01190,0
0.0069387257,HG01164,0
0.009652138,HG01303,0
0.007479012,HG02090,0
0.00863114,HG01710,0
0.007614553,HG01756,0
0.0072978735,HG01676,0
0.047734708,HG01455,0
0.007511705,HG01198,0
0.0067353845,HG01403,0
0.02893868,HG00551,0
0.008443117,HG01395,0
0.019875675,NA19719,0
0.05010602,HG01933,0
0.01272285,HG02298,0
0.06769398,HG01694,0
0.03298387,HG01095,0
0.007731855,HG01311,0
0.008126974,HG00742,0
0.007276386,HG01501,0
0.008941889,NA19725,0
0.007611692,HG01389,0
0.008890659,HG01058,0
0.022611588,HG01072,0
0.007926434,HG01197,0
0.012906551,HG01363,0
0.006733358,HG01075,0
0.0067902207,HG01063,0
0.039833665,HG01200,0
0.010868102,HG01085,0
0.009504497,HG01398,0
0.0404388,HG00638,0
0.010194182,HG00637,0
0.008894354,HG01325,0
0.009774476,HG01965,0
0.0072000325,HG01171,0
0.010672659,HG01405,0
0.010424674,HG01167,0
0.007520497,HG01060,0
0.007191956,HG01312,0
0.01655224,HG01556,0
0.026799321,HG01402,0
0.30070037,HG01134,0
0.28839916,HG01089,0
0.27427715,HG01048,0
0.057563126,HG01305,0
0.007877201,HG01892,0
0.008641988,NA19921,0
0.012644649,HG00734,0
0.114614934,HG01094,0
0.15097868,HG01187,0
0.008595109,HG01105,0
0.009227753,HG01247,0
0.059717417,HG01124,0
0.009015411,HG01495,0
0.007515967,HG01086,0
0.0075006783,HG01110,0
0.008522242,HG01162,0
0.007759273,HG01359,0
0.011030525,HG01248,0
0.0076940954,HG01342,0
0.0077525973,HG00740,0
0.0075648427,HG01286,0
0.056625426,HG01440,0
0.007754892,HG01064,0
0.02227959,NA20299,0
0.0075287223,HG01366,0
0.009242117,HG01077,0
0.0077703297,HG01139,0
0.21408066,HG01462,0
0.009114236,NA19707,0
0.08020878,HG02006,0
0.007535547,HG02485,0
0.007440567,HG01880,0
0.0075054467,NA20351,0
0.0074178576,NA19922,0
0.0077433586,NA20317,0
0.008220732,NA19923,0
0.010806978,HG01988,0
0.010095477,HG02508,0
0.007106155,HG02284,0
0.009026021,NA19713,0
0.010891795,HG01958,0
0.009554237,HG02144,0
0.007168174,HG01986,0
0.0070553124,HG02143,0
0.0077228546,NA20126,0
0.010068595,NA20362,0
0.008305788,NA20339,0
0.00855422,HG02501,0
0.0074200034,NA20340,0
0.007161975,HG02536,0
0.012800992,HG02255,0
0.007922083,NA20282,0
0.007489711,HG01914,0
0.009772509,NA19913,0
0.007158071,HG02471,0
0.007186651,NA19712,0
0.007589817,NA20276,0
0.0072520375,HG02479,0
0.007188797,NA20412,0
0.0071710944,NA19475,0
0.051580876,HG02433,0
0.0068704486,HG02054,0
0.012135267,HG02325,0
0.00862658,NA19324,0
0.008124292,HG02852,0
0.007154852,HG01956,0
0.012014836,NA19455,0
0.008116841,HG02505,0
0.007954329,HG01915,0
0.8937491,NA19429,0
0.008008808,HG02445,0
0.010420024,NA19700,0
0.008017331,NA19909,0
0.0077429414,HG02307,0
0.007832229,NA19321,0
0.009494096,NA19374,0
0.007842988,NA19024,0
0.008500189,HG02890,0
0.007547289,NA19030,0
0.012371331,HG02330,0
0.007835925,NA19319,0
0.006854087,HG02496,0
0.008040667,NA19457,0
0.0070784986,HG01990,0
0.00803113,HG02455,0
0.006889075,NA19315,0
0.008423179,HG02111,0
0.0076169074,HG02810,0
0.007721573,HG02450,0
0.0074397027,HG02481,0
0.007475227,NA19901,0
0.0108964145,NA19037,0
0.008360773,NA19471,0
0.0068047047,HG02840,0
0.00821957,NA19375,0
0.010805815,NA19350,0
0.007553786,HG02108,0
0.011473924,NA19474,0
0.007475972,HG02315,0
0.03329593,NA19038,0
0.007809162,HG02896,0
0.0074850917,HG02621,0
0.007293582,NA19334,0
0.007594526,NA19376,0
0.0069983304,NA19327,0
0.011606038,NA19328,0
0.0071206093,NA19466,0
0.010037005,NA19449,0
0.015242994,NA19436,0
0.007214457,HG01896,0
0.009267837,HG02722,0
0.008526802,HG02541,0
0.0070276856,NA19472,0
0.007115513,HG03048,0
0.006767124,HG02814,0
0.030252606,HG02283,0
0.009977281,NA19920,0
0.00867179,HG02799,0
0.007085204,HG02573,0
0.007398039,NA19019,0
0.007206857,HG02309,0
0.01942715,HG02771,0
0.007873654,HG03024,0
0.00689587,HG02332,0
0.0073583126,HG02595,0
0.019582689,NA19917,0
0.0072859228,NA19431,0
0.009575844,NA19397,0
0.007496625,NA20332,0
0.008697629,NA19347,0
0.007103592,NA19401,0
0.010695666,NA19393,0
0.007870495,NA19025,0
0.010405332,HG02760,0
0.007589221,HG03258,0
0.007372707,HG02610,0
0.0076945424,HG02588,0
0.0098851025,NA19026,0
0.008189589,NA19467,0
0.007983297,NA19310,0
0.008800209,NA19041,0
0.0072657466,HG02051,0
0.0067759454,HG02679,0
0.009031415,NA19437,0
0.008278608,NA19468,0
0.0073726475,HG02807,0
0.00847134,NA20321,0
0.0073826313,HG02013,0
0.0102030635,NA19463,0
0.008633316,HG02861,0
0.012466818,HG02439,0
0.007137388,NA19108,0
0.007248074,HG02429,0
0.0074964464,HG02879,0
0.0077578723,HG02763,0
0.0073422194,HG03027,0
0.0068991184,HG03539,0
0.009000242,HG02839,0
0.011986166,NA19043,0
0.0074641705,NA20294,0
0.0068812966,HG02854,0
0.008178741,HG02836,0
0.0073019564,HG03028,0
0.0076090097,HG03088,0
0.017489046,HG03247,0
0.029528558,NA18523,0
0.008073926,HG01882,0
0.013201892,HG02545,0
0.0077525973,HG02589,0
0.008312315,HG02798,0
0.0077591836,HG02464,0
0.008811712,HG03103,0
0.008549452,HG02620,0
0.007880777,HG02667,0
0.0077017546,NA20291,0
0.007632911,NA18516,0
0.016598374,NA19248,0
0.0067852736,NA18502,0
0.007214695,HG02646,0
0.0074890256,NA19023,0
0.008179694,HG02585,0
0.0069468915,HG02721,0
0.0075315833,HG03376,0
0.007659793,HG03304,0
0.007135898,NA19462,0
0.0081474185,HG03382,0
0.007865995,HG03419,0
0.0068894327,HG02970,0
0.008716434,NA19114,0
0.008280009,NA19017,0
0.006987661,NA19380,0
0.0069967806,HG02891,0
0.0074087977,NA19107,0
0.010776877,HG03298,0
0.0075136125,HG03385,0
0.0080809,HG03060,0
0.0076526403,HG03559,0
0.007894337,HG02571,0
0.0076182485,HG03410,0
0.0068123043,HG03428,0
0.0097925365,HG02772,0
0.0074896514,HG02594,0
0.0070334077,NA19916,0
0.017855316,HG03097,0
0.010617495,NA18871,0
0.008349329,HG03078,0
0.014628351,HG03571,0
0.007562548,NA19153,0
0.007972211,HG03484,0
0.008081555,NA19035,0
0.007530451,HG03370,0
0.007952958,HG03202,0
0.0076095164,HG02484,0
0.0077744722,HG02678,0
0.025971144,HG02427,0
0.007114023,NA18504,0
0.007915586,HG03040,0
0.008191586,HG03111,0
0.007040024,HG03538,0
0.035578907,HG03084,0
0.0076775253,HG02442,0
0.0104833245,HG03085,0
0.008841962,HG03139,0
0.0073811114,HG03096,0
0.008371443,HG03563,0
0.007176727,NA19141,0
0.009649366,HG03476,0
0.007535994,NA19159,0
0.010431886,HG03136,0
0.00842455,HG03073,0
0.007489592,HG03572,0
0.0074850023,HG02470,0
0.02003926,HG03521,0
0.0068410635,HG03268,0
0.007075608,NA18876,0
0.008110583,HG03313,0
0.009028852,HG03196,0
0.009235859,HG03401,0
0.012726337,HG03025,0
0.0085966885,NA19130,0
0.0071827173,HG03193,0
0.006887138,NA19147,0
0.007067561,HG03049,0
0.00685513,HG02095,0
0.007925957,HG03469,0
0.013344884,NA19818,0
0.0071596503,HG02537,0
0.0072334707,HG03099,0
0.0077887475,HG02511,0
0.007629186,HG03267,0
0.0077356994,HG03072,0
0.02284956,HG02979,0
0.021642715,HG03343,0
0.007852942,NA18856,0
0.0073257387,HG02938,0
0.012091517,NA18861,0
0.007573217,HG02973,0
0.024885356,NA19222,0
0.0077605844,NA20289,0
0.010978401,HG02941,0
0.0074371994,HG03499,0
0.0072904527,NA19214,0
0.007911265,NA18881,0
0.0071814656,HG02549,0
0.00807628,HG03565,0
0.0069414377,HG03442,0
0.008032471,HG03354,0
0.007540673,HG03189,0
0.007316053,HG02944,0
0.00739637,HG03556,0
0.007609129,HG03432,0
0.007909447,NA18499,0
0.008285493,HG03120,0
0.011627078,HG03460,0
0.0073979497,NA19257,0
0.008116692,HG03446,0
0.011996776,HG03133,0
0.009564787,NA18909,0
0.007283926,HG02611,0
0.008787155,HG03520,0
0.009734124,HG03074,0
0.0073711276,HG03397,0
0.010546654,NA19099,0
0.007420987,HG03452,0
0.008416057,HG03449,0
0.0070130825,HG03380,0
0.015971005,NA18507,0
0.016060114,HG02497,0
0.008111209,HG03575,0
0.007999927,NA18489,0
0.008811712,NA19102,0
0.009489447,HG02946,0
0.0076895356,HG03199,0
0.009063393,HG02666,0
0.0070114136,HG03279,0
0.0076094866,HG03159,0
0.007329941,NA18505,0
0.007647395,HG03366,0
0.007510215,HG03270,0
0.007284105,HG03455,0
0.0072294176,HG03464,0
0.009026021,NA18908,0
0.010709614,HG03057,0
0.0075126886,HG03577,0
0.0073883235,NA19198,0
0.008037746,HG03129,0
0.015251815,HG02703,0
0.007890314,HG03058,0
0.007104814,HG03547,0
0.008354366,NA19236,0
0.007513702,HG03300,0
0.0072099864,NA18865,0
0.0077677965,HG03077,0
0.020280927,HG03291,0
0.009935945,HG03115,0
0.008431017,HG03297,0
0.007425338,NA19175,0
0.008853823,HG03548,0
0.008527011,NA18517,0
0.0077558756,NA19189,0
0.007070869,NA18488,0
0.007939547,NA18874,0
0.010725588,HG03086,0
0.0078344345,NA18508,0
0.007681519,NA19096,0
0.01964295,NA18912,0
0.0072631836,HG02314,0
0.007457733,HG03439,0
0.007851779,HG03485,0
0.0074947774,NA19095,0
0.007714927,HG03175,0
0.019398272,HG03301,0
0.010515332,HG03517,0
0.007966489,NA19121,0
0.007245004,HG03433,0
0.0189372,NA18934,0
0.009989291,HG03265,0
0.010739535,HG03369,0
0.0071558654,HG03066,0
0.007628292,NA19225,0
0.008151263,HG02981,0
0.0071320534,HG03367,0
0.0074925423,HG02947,0
0.0071145296,HG03132,0
0.009889454,HG03108,0
0.0071602464,HG03118,0
0.009484589,HG03515,0
0.010953337,HG02489,0
0.0070243776,HG03160,0
0.0071826875,HG03280,0
0.0075627267,HG03473,0
0.03722447,HG03303,0
0.007453382,HG02953,0
0.0071954727,NA19143,0
0.006855637,HG03558,0
0.011173457,HG02971,0
0.0096717775,HG03511,0
