Pred_Factor1,Pred_Factor2,Pred_Factor3,Pred_Factor4,Pred_Factor5,FID,Phenotype
0.52492267,0.22836038,0.084946126,0.046745837,0.3850432,HG00537,1
0.64998305,0.25404477,0.05777991,0.027142286,0.46891737,HG00689,1
0.72952664,0.2776878,0.046521246,0.01962328,0.52126336,HG02408,1
0.7642998,0.2839555,0.042288065,0.0167256,0.5402913,HG00595,1
0.6531085,0.24803686,0.057507247,0.026829928,0.46225962,HG00651,1
0.78378475,0.29230458,0.0383946,0.014579594,0.5634781,HG00463,1
0.6621412,0.26016736,0.06070718,0.028665304,0.46069592,NA18967,1
0.54909164,0.22196415,0.07979646,0.04157409,0.3897147,HG01794,1
0.5812168,0.23835969,0.072746485,0.036938757,0.4194801,HG00458,1
0.15091753,0.14316797,0.2552805,0.21846479,0.16759029,HG02379,1
0.8397311,0.31184775,0.028536707,0.009203702,0.62712276,HG00524,1
0.7873347,0.29810077,0.0371446,0.014065772,0.5736387,NA18635,1
0.059880555,0.10909259,0.41956845,0.4259054,0.096839935,NA19081,1
0.44888622,0.2077376,0.09785864,0.058666676,0.3445384,NA18953,1
0.3422435,0.18931669,0.14120078,0.09335366,0.27989882,HG02180,1
0.14693162,0.14022881,0.25155208,0.2167722,0.16757059,NA18579,1
0.8421664,0.31263316,0.028164655,0.008978397,0.63007045,NA19007,1
0.21843892,0.16240865,0.20102337,0.15591758,0.20950949,HG00590,1
0.5316155,0.22680214,0.083028585,0.044530302,0.3889287,HG01815,1
0.6804974,0.2613512,0.05686301,0.025580317,0.4752364,HG02076,1
0.83421636,0.30866176,0.02948752,0.009715289,0.6191207,HG00589,1
0.7985096,0.2911986,0.036133826,0.0131774545,0.5714376,HG00629,1
0.819655,0.30677253,0.031873524,0.011004627,0.60535717,HG02522,1
0.8405952,0.31144732,0.0287489,0.009331316,0.62440073,HG00457,1
0.2071659,0.16391423,0.20958203,0.16960129,0.20297632,NA18949,1
0.19679648,0.15614444,0.21454611,0.17141059,0.1970205,HG02371,1
0.07829189,0.124274164,0.37105533,0.3690182,0.11605716,HG02266,0
0.69951147,0.26941377,0.050370038,0.022466898,0.5021048,NA18961,1
0.84410584,0.31419104,0.027351618,0.0086425245,0.63685745,NA18539,1
0.16823688,0.14472371,0.23095459,0.19111216,0.18090507,NA18646,1
0.28870857,0.17880043,0.16380215,0.11563924,0.24872622,NA18552,1
0.72299254,0.27335143,0.049426913,0.020926744,0.5077354,HG01816,1
0.64560926,0.2521441,0.05994129,0.028655171,0.4597423,HG00708,1
0.8076545,0.29829466,0.03485611,0.0125207305,0.58248806,NA18620,1
0.4383757,0.20577246,0.10047951,0.060962826,0.3388992,NA18571,1
0.6995348,0.26937336,0.055095404,0.024742573,0.4848921,HG00556,1
0.73184013,0.2810967,0.049212098,0.021129668,0.51224947,HG02019,1
0.6140131,0.2502736,0.07157031,0.03569615,0.42859975,HG00608,1
0.75719863,0.2797249,0.043121547,0.01735276,0.53249806,HG01813,1
0.4189427,0.20266858,0.10606015,0.06558803,0.32840383,NA18602,1
0.4250059,0.20348188,0.1095669,0.06574485,0.32760537,NA18611,1
0.7053432,0.26862913,0.052833498,0.022974253,0.49303582,HG00683,1
0.83196294,0.30649966,0.030223757,0.01012975,0.6121421,HG00634,1
0.8428794,0.3136445,0.027529031,0.008746713,0.63532674,HG00437,1
0.814951,0.3095582,0.03258899,0.011526436,0.6039239,HG02182,1
0.37890446,0.19421747,0.12457767,0.0789254,0.3007549,NA18597,1
0.750735,0.29466265,0.046320796,0.019244492,0.5344258,HG01865,1
0.1164844,0.13148052,0.2957335,0.2667196,0.14446187,NA19006,1
0.15847817,0.14949557,0.24442056,0.21095756,0.17525029,NA18985,1
0.47765982,0.22829264,0.1074954,0.06226948,0.3488112,NA18531,1
0.6988306,0.27774993,0.057067662,0.025922775,0.4854264,HG00407,1
0.8196268,0.3097608,0.031965584,0.011139572,0.6066455,HG00956,1
0.008305758,0.080322236,0.7972872,0.8657224,0.03133273,NA18595,1
0.61750877,0.24703544,0.06503919,0.03149742,0.4453793,NA18643,1
0.84949267,0.31815982,0.026510477,0.008069098,0.6460526,HG00684,1
0.6849471,0.27419174,0.059971392,0.027691066,0.47529435,HG00619,1
0.7065252,0.26843244,0.051095843,0.022071213,0.49980628,HG01805,1
0.26708943,0.1920476,0.19591263,0.1450986,0.2378434,HG00717,1
0.5657479,0.23444021,0.075693786,0.039059818,0.41003996,NA18563,1
0.8119978,0.30725858,0.03318733,0.011860937,0.5984522,NA18952,1
0.24386263,0.1680553,0.18099105,0.1393739,0.22350243,HG00406,1
0.31691033,0.17845273,0.14395812,0.09722713,0.26746738,HG01598,1
0.24098858,0.17651314,0.19107059,0.14664137,0.22700202,NA18964,1
0.47954744,0.21411821,0.09722245,0.05588299,0.3503784,HG02164,1
0.8478714,0.31686836,0.027190894,0.008436173,0.6396176,HG02184,1
0.8416151,0.31235632,0.028280765,0.009039849,0.6290934,NA19058,1
0.6908572,0.25796494,0.053765237,0.023343533,0.4834509,NA18621,1
0.2939876,0.17400417,0.15297276,0.10584819,0.2561041,NA19070,1
0.14872277,0.14811108,0.2604826,0.22765014,0.16872534,HG00611,1
0.8401207,0.31191647,0.028602213,0.009249836,0.62634206,HG00704,1
0.7115511,0.26836053,0.050532103,0.021867424,0.49764857,NA18592,1
0.84875023,0.31707692,0.027041882,0.008348465,0.64079666,NA18641,1
0.029735804,0.09382886,0.56852984,0.61612606,0.063482374,HG00428,1
0.7343023,0.27645576,0.04752609,0.019765377,0.516113,HG02386,1
0.80874085,0.3113988,0.03513947,0.01278916,0.591424,NA18628,1
0.3011155,0.17435575,0.14878944,0.10199514,0.25933492,HG00692,1
0.8121938,0.3018297,0.034189045,0.012216836,0.5879472,NA18606,1
0.8424237,0.31588775,0.027893811,0.008842409,0.63490444,HG00654,1
0.3938108,0.19891074,0.11417079,0.07266459,0.31431967,NA19010,1
0.49641287,0.22231954,0.091630965,0.050973505,0.3698027,HG02398,1
0.6717746,0.27302647,0.061420858,0.028231382,0.4750813,HG00698,1
0.8160918,0.30822164,0.032547623,0.011470437,0.6024731,HG02383,1
0.8193087,0.3113004,0.03205681,0.011139631,0.6076605,HG00982,1
0.80864966,0.2963333,0.03382483,0.012098998,0.58614403,NA18605,1
0.84924674,0.31688255,0.02657193,0.008116305,0.6444715,HG00530,1
0.15361285,0.14396977,0.25242305,0.21514738,0.1693702,HG02154,1
0.12117666,0.13719389,0.29935163,0.26938748,0.14941415,HG00500,1
0.004476458,0.06714481,0.86172867,0.92293036,0.020590931,NA18748,1
0.14214957,0.13754255,0.25977737,0.22418725,0.1622402,NA18532,1
0.8137676,0.299527,0.032384783,0.011454374,0.59649163,HG02050,1
0.6266372,0.24973476,0.06620422,0.032337904,0.4397746,NA18965,1
0.3181023,0.18652266,0.14434469,0.10103661,0.26918572,NA19000,1
0.84734845,0.31741795,0.027323425,0.008506507,0.63909477,HG01796,1
0.3625381,0.19616184,0.13016364,0.08622408,0.29111305,NA18560,1
0.038069308,0.10082644,0.5149752,0.55478305,0.074059635,HG01953,0
0.83528006,0.30834508,0.029364347,0.009626567,0.6195324,HG02032,1
0.8352958,0.31267393,0.028782994,0.009357452,0.6275881,HG02130,1
0.16447997,0.14737812,0.2420303,0.20283097,0.17656359,NA19060,1
0.35021234,0.1895405,0.13052309,0.08800644,0.28581595,NA19057,1
0.40407827,0.19831687,0.11285296,0.07022548,0.3163285,HG00464,1
0.056087345,0.10826847,0.43452966,0.44609976,0.09325099,NA18962,1
0.7858628,0.29074216,0.037931293,0.0143227875,0.5627827,HG02407,1
0.059436083,0.108692765,0.4197047,0.42659354,0.09658557,NA19066,1
0.7125335,0.2813051,0.054253936,0.02407372,0.49662897,HG01802,1
0.54049414,0.23225051,0.091474205,0.04902029,0.37846455,HG01597,1
0.83157086,0.31070673,0.030126423,0.010044068,0.6173288,HG02128,1
0.3859878,0.19516554,0.12163699,0.07648179,0.30486727,HG00421,1
0.665497,0.27280167,0.06213367,0.029301524,0.4709943,NA18608,1
0.8435966,0.31404665,0.027415752,0.008679867,0.63638026,NA18633,1
0.7559771,0.27988628,0.042668223,0.016893268,0.53745836,HG00599,1
0.7036176,0.27122074,0.05518213,0.024587423,0.48603332,HG00531,1
0.66974854,0.26642066,0.061417103,0.02905795,0.4657023,HG02384,1
0.8028329,0.29927224,0.03536743,0.012909174,0.5821426,HG02385,1
0.16398457,0.14508563,0.23278722,0.19668809,0.1789355,NA18940,1
0.7968705,0.30068105,0.035586208,0.013249755,0.5819157,HG00657,1
0.8253411,0.31542337,0.031124651,0.010690421,0.6154513,NA19082,1
0.11222282,0.13071397,0.30341405,0.2758386,0.14137647,HG02002,0
0.7952527,0.295321,0.03706208,0.013785183,0.5700549,HG00536,1
0.7189442,0.27633432,0.0474768,0.020587444,0.5159282,NA18972,1
0.049661905,0.1123814,0.47085506,0.4934961,0.08910704,HG01860,1
0.8106078,0.30791014,0.033252954,0.011911303,0.59945667,HG02188,1
0.018198162,0.08932614,0.67867935,0.74329704,0.0479607,NA18557,1
0.84788656,0.3187396,0.026761174,0.008244425,0.6446053,HG01858,1
0.6707552,0.2634923,0.058605134,0.02734834,0.47216436,HG02040,1
0.0040796697,0.06220299,0.87340903,0.929809,0.018116117,NA18530,1
0.20481619,0.15911937,0.21071056,0.16631174,0.20143226,HG00598,1
0.8286429,0.3053785,0.03052646,0.010326713,0.61001307,HG02025,1
0.70279604,0.26858187,0.051683158,0.022636712,0.49647403,HG02133,1
0.05845213,0.10852128,0.42483586,0.43264785,0.09541866,NA19004,1
0.74732774,0.29242468,0.048747092,0.019662261,0.5271039,HG02153,1
0.508783,0.22079033,0.08755401,0.04872957,0.37407762,HG01599,1
0.49238563,0.22183633,0.09430042,0.05410725,0.36122024,NA18596,1
0.80640966,0.31297886,0.03517261,0.012842864,0.5935926,NA18542,1
0.7681746,0.2915726,0.041112274,0.0164226,0.5505746,NA19075,1
0.8494681,0.31782222,0.02678904,0.00823161,0.64320767,NA18987,1
0.13539174,0.13602418,0.26824424,0.23412889,0.15761656,NA18983,1
0.17181024,0.14939076,0.2360748,0.19272828,0.18232816,NA18570,1
0.8437349,0.31408757,0.027823657,0.008814186,0.63330734,HG00632,1
0.81306195,0.30356175,0.033481658,0.011903435,0.5942692,HG00881,1
0.72187245,0.28055084,0.05078429,0.021720469,0.5091842,HG02137,1
0.14823312,0.14245382,0.25841457,0.22197473,0.165797,HG00476,1
0.6928292,0.27890253,0.06015587,0.026716053,0.48180932,HG02394,1
0.071394265,0.12483105,0.39162302,0.3960641,0.11155233,NA19732,0
0.63837576,0.24960232,0.064679235,0.030700833,0.4450457,HG01871,1
0.80491,0.30514944,0.034267455,0.012429595,0.59223425,HG02179,1
0.6040337,0.2426166,0.068626255,0.034462124,0.4297266,HG02355,1
0.5301423,0.21948639,0.08518794,0.045234233,0.3757478,HG02373,1
0.038298786,0.10514259,0.5083839,0.5434374,0.07907781,NA18944,1
0.68340814,0.2627141,0.056312114,0.025240183,0.47789145,NA18629,1
0.7886023,0.2904476,0.037749022,0.014133543,0.56335324,HG02047,1
0.6830018,0.26603183,0.05772093,0.026234537,0.4762924,HG01840,1
0.7974098,0.2971773,0.035894483,0.01322788,0.5781194,HG02127,1
0.25356916,0.17377517,0.17538103,0.13271901,0.2334212,NA18946,1
0.107433856,0.13558656,0.31809944,0.2981317,0.13863978,HG01950,0
0.16531473,0.14790294,0.24241942,0.20283276,0.17668957,HG00404,1
0.74650276,0.278862,0.044522524,0.01826045,0.5269426,HG02190,1
0.7328675,0.2659685,0.045084387,0.018547922,0.5162208,HG01029,1
0.5063822,0.22525412,0.09127775,0.051880777,0.367386,HG01600,1
0.06528878,0.11408782,0.4043658,0.4094178,0.102755725,NA18998,1
0.8333578,0.30618793,0.02950865,0.009746671,0.61703646,HG00672,1
0.69703156,0.25878224,0.052202135,0.023046464,0.48522052,HG02116,1
0.1766443,0.15748164,0.22848338,0.18965048,0.19114193,HG00867,1
0.14674065,0.14001352,0.2555423,0.2186858,0.1659311,HG02150,0
0.7643627,0.28373176,0.04213631,0.016637266,0.5407628,HG00631,1
0.6306776,0.25202358,0.06456259,0.03163117,0.4443883,HG02017,1
0.15726253,0.1437884,0.24076137,0.20577449,0.17423972,NA18979,1
0.57273006,0.23401636,0.07526535,0.03868735,0.40815943,HG00693,1
0.74964345,0.2807585,0.044461936,0.018049568,0.53051883,HG02134,1
0.3808325,0.19346434,0.12004951,0.0783577,0.2995507,NA19012,1
0.2804581,0.17740571,0.16608426,0.11945692,0.2453287,HG01923,0
0.49033156,0.2309761,0.102549165,0.058737576,0.36114186,NA18548,1
0.08867413,0.13097274,0.35504186,0.34577486,0.1246503,NA18547,1
0.119469255,0.13054803,0.28621018,0.25579834,0.14736447,NA19074,1
0.76704013,0.27822557,0.040979832,0.015943795,0.5410285,HG01855,1
0.036703467,0.09909588,0.524934,0.5628806,0.07202473,NA18948,1
0.6306735,0.24799636,0.066075355,0.031715065,0.44022554,HG00671,1
0.1859859,0.15408099,0.22264275,0.18409202,0.18866077,NA19011,1
0.7463843,0.28333396,0.04372716,0.017932475,0.5358004,HG01799,1
0.64868486,0.25544512,0.06203392,0.029488772,0.45491374,HG02152,1
0.83520865,0.31247765,0.02880475,0.009369761,0.6272662,HG02389,1
0.12319994,0.1372031,0.29364634,0.2641908,0.14853829,NA18630,1
0.15851036,0.148395,0.2458387,0.21129146,0.17489603,NA18981,1
0.61644703,0.24944398,0.06910193,0.034085006,0.43558255,HG00978,1
0.17468348,0.14631337,0.22573778,0.18520316,0.18421769,NA19088,1
0.5187195,0.22656006,0.08705875,0.04865685,0.3767451,HG00445,1
0.83413804,0.30738056,0.029357076,0.0096901655,0.6188691,NA18973,1
0.8374924,0.3131855,0.028729469,0.00930804,0.62781703,HG01596,1
0.33659363,0.20576215,0.17088735,0.11178827,0.27252722,HG01847,1
0.15427572,0.14523026,0.24820802,0.21443442,0.17162758,NA18942,1
0.84361947,0.32035765,0.027996719,0.008823842,0.6379056,HG02382,1
0.101447046,0.13627973,0.34571475,0.32715833,0.13198048,NA18559,1
0.4648684,0.2246468,0.10300586,0.061151236,0.3559885,NA18757,1
0.78629106,0.29564035,0.038358867,0.014676154,0.5638344,HG02151,1
0.7697686,0.29268348,0.04091683,0.016290218,0.5521866,NA18974,1
0.78244615,0.30094755,0.04016289,0.015500873,0.5616854,HG00662,1
0.5837709,0.24263653,0.07583445,0.03959489,0.4142347,HG02121,1
0.3998583,0.20149207,0.117488176,0.07524714,0.30925277,HG02166,1
0.6813746,0.28173542,0.06424698,0.028860271,0.4774079,HG02360,1
0.82460856,0.30841702,0.031556398,0.010740757,0.60720026,HG01046,1
0.35634908,0.20001274,0.14140531,0.09410161,0.28411114,HG02185,1
0.6371751,0.25167555,0.06589991,0.031789154,0.44254202,HG02085,1
0.39810133,0.20209426,0.122544914,0.076687574,0.3071397,NA18574,1
0.75383997,0.28134415,0.043289423,0.017528713,0.53348404,HG02250,1
0.011476636,0.07570848,0.7455973,0.8154354,0.035391033,NA18626,1
0.69240713,0.27599597,0.05853471,0.026738405,0.48045352,NA18528,1
0.06594628,0.11127415,0.39762226,0.39778778,0.10296762,NA18947,1
0.5933923,0.24103376,0.07147229,0.036011815,0.42441157,HG02020,1
0.8431262,0.3134402,0.027714401,0.008796096,0.6337069,NA18536,1
0.6088444,0.24506912,0.067171454,0.032988906,0.43805435,HG02084,1
0.5383224,0.22843498,0.08488178,0.046155483,0.38237795,HG01849,1
0.4432998,0.21185616,0.10862973,0.06492159,0.33249235,NA18618,1
0.7637428,0.28517872,0.04213959,0.01673007,0.54139346,HG02079,1
0.14068413,0.14057925,0.2683422,0.23302034,0.16055664,HG01944,0
0.48890942,0.21767747,0.094084084,0.052955747,0.36260653,HG02512,1
0.6957464,0.28099018,0.06104681,0.026968032,0.48448923,NA18526,1
0.6450147,0.2545054,0.062684745,0.029918373,0.45254368,HG00565,1
0.8213803,0.30150878,0.03208497,0.011139542,0.5981405,NA18980,1
0.059836924,0.11542499,0.4265293,0.44063953,0.097498626,HG02003,0
0.75265086,0.28186968,0.043927312,0.017722279,0.5334017,NA18565,1
0.059618592,0.1088053,0.41908926,0.42578372,0.096787184,NA18624,1
0.17765075,0.151404,0.23130822,0.18997854,0.1845856,HG01938,0
0.7198545,0.27231178,0.051554978,0.022138447,0.49918264,HG01878,1
0.5435945,0.23341551,0.08439165,0.04536459,0.38892785,HG02029,1
0.83250725,0.31205982,0.029678136,0.009826839,0.6212915,HG01868,1
0.43603873,0.20201072,0.110189736,0.06479496,0.3229079,HG01843,1
0.8021934,0.30361804,0.034757882,0.012823701,0.5878834,HG01806,1
0.6447406,0.25447923,0.062452823,0.029629737,0.45470783,HG01845,1
0.03785464,0.10245758,0.51901263,0.55929035,0.074312866,NA19728,0
0.0036168993,0.06071061,0.88335276,0.9376371,0.016726643,HG00592,1
0.4492124,0.20566559,0.097459555,0.058475792,0.34355062,NA18623,1
0.55093974,0.23548669,0.08616763,0.045930892,0.38772306,HG02067,1
0.59692234,0.24930868,0.07480398,0.037417173,0.4243346,NA18963,1
0.594648,0.26282346,0.083372444,0.041108698,0.4228999,HG01795,1
0.025836885,0.09315571,0.61013216,0.6600378,0.058490574,HG02104,0
0.8092729,0.30388945,0.034400254,0.012113094,0.59156114,NA19003,1
0.7539764,0.29350853,0.046989262,0.018994689,0.5314593,HG01800,1
0.19275412,0.15072107,0.2094003,0.16694197,0.19668275,NA18749,1
0.7156178,0.2825966,0.053941548,0.02375099,0.49872184,HG00675,1
0.0824658,0.12262258,0.364687,0.3524616,0.11805946,HG01951,0
0.46182162,0.21032998,0.09799078,0.05733806,0.34792864,HG01927,0
0.8279599,0.30570236,0.030857474,0.010421932,0.6090193,HG01872,1
0.7027634,0.29004776,0.05897948,0.025864303,0.49565572,NA18591,1
0.0040602386,0.06508115,0.8710356,0.9291676,0.019131392,HG02147,0
0.09039199,0.1268521,0.33678502,0.3255271,0.1274738,NA18993,1
0.47347528,0.21736035,0.102395564,0.06050554,0.34566742,NA19072,1
0.37477678,0.20257571,0.13505033,0.08585435,0.29867882,HG02113,1
0.10536608,0.12961054,0.30857998,0.28519726,0.13940763,NA18567,1
0.7914026,0.29769576,0.036435157,0.013762414,0.5755193,NA18986,1
0.6255257,0.26044184,0.07309306,0.036403626,0.4333794,NA18638,1
0.7379992,0.27597237,0.045922726,0.019109398,0.5195847,HG01031,1
0.703251,0.27175754,0.050485373,0.022314489,0.5040726,HG01873,1
0.58325475,0.23577398,0.07483077,0.03804943,0.40973425,HG01850,1
0.6947247,0.27520016,0.05660218,0.024964303,0.48974022,NA18553,1
0.10657418,0.1340785,0.3127514,0.29456878,0.13868323,NA19726,0
0.7596097,0.2829066,0.043263346,0.017278463,0.5356999,HG02031,1
0.040850073,0.11160481,0.5011791,0.5397049,0.082063705,NA19729,0
0.013795614,0.09524819,0.7318751,0.79978,0.044038057,NA18535,1
0.034106493,0.101905376,0.543711,0.5894886,0.070258945,HG01939,0
0.06362745,0.13045415,0.43385953,0.44176492,0.106523514,NA19065,1
0.18996084,0.19015476,0.2740421,0.21927568,0.20000204,HG02356,1
0.5186285,0.22061032,0.082042515,0.045598865,0.38299054,NA18541,1
0.09733158,0.12601501,0.32859865,0.31044257,0.12966302,HG02016,1
0.33841857,0.18880701,0.15340668,0.10036808,0.26871556,NA18619,1
0.71545845,0.2852384,0.055339545,0.023736835,0.5001408,HG01801,1
0.35140526,0.20290661,0.15782773,0.10232997,0.2785561,NA19089,1
0.3307113,0.2083936,0.1793105,0.119802415,0.2672497,HG01866,1
0.47058022,0.2311332,0.112609625,0.06646326,0.34946692,HG02131,1
0.28569883,0.19626504,0.1893251,0.13562566,0.24857292,NA19005,1
0.12362352,0.13491943,0.2834507,0.25745863,0.1497412,NA19758,0
0.07064703,0.123075694,0.38798276,0.39145333,0.11198059,NA19731,0
0.12361848,0.14521691,0.31114852,0.27755335,0.15198523,NA19083,1
0.054166228,0.11593306,0.44821712,0.46303117,0.09576261,HG02304,0
0.004670292,0.070166856,0.8592229,0.9200487,0.021472484,HG02265,0
0.43620464,0.21848798,0.109849215,0.067427635,0.33986837,NA19087,1
0.6537647,0.27172214,0.06963375,0.032355696,0.45460546,HG02380,1
0.077272415,0.122516364,0.38266927,0.37349898,0.11527333,NA18984,1
0.22302955,0.15927532,0.2033253,0.15248135,0.2073828,HG02058,1
0.00481534,0.06364709,0.8560611,0.916929,0.020280868,HG02285,0
0.016588718,0.086370915,0.67245597,0.7429769,0.04732606,HG02089,0
0.0034735799,0.058242887,0.88834774,0.94099975,0.015616953,HG01917,0
0.814685,0.30545375,0.0333727,0.011581719,0.5975696,NA19054,1
0.006153345,0.06446546,0.8341435,0.89541024,0.022905797,HG01977,0
0.10154006,0.12704694,0.32694322,0.3023339,0.13137859,HG02262,0
0.007678658,0.07561326,0.8023156,0.87322754,0.029087067,HG01486,0
0.07063365,0.120693,0.38934863,0.39361963,0.10946348,NA19734,0
0.07246211,0.12081057,0.37982777,0.38098216,0.11254251,NA19720,0
0.2010226,0.1814301,0.25515836,0.20172635,0.20193195,HG01867,1
0.0050037205,0.065511286,0.8539317,0.91499674,0.021028996,HG03916,0
0.0049136877,0.06560302,0.8562151,0.91699016,0.020776808,NA20849,0
0.0052294433,0.06762111,0.844537,0.9095856,0.022479177,NA19774,0
0.0033934414,0.059879184,0.88873696,0.9419812,0.015928626,NA19741,0
0.13996741,0.14078069,0.266846,0.23699373,0.15883467,HG01971,0
0.09828931,0.15867236,0.40218306,0.370085,0.135117,HG03928,0
0.0054748356,0.07042119,0.8433672,0.9072176,0.023227602,HG01970,0
0.049398065,0.10571247,0.4645372,0.4834987,0.08609632,HG03660,0
0.00981158,0.07487571,0.77294934,0.84119153,0.03230402,HG00171,0
0.0051195025,0.0690406,0.84937745,0.91259694,0.022271007,HG00361,0
0.14457494,0.14438209,0.26148808,0.2297816,0.16523147,NA19795,0
0.06965721,0.124762684,0.4202713,0.4221729,0.10634652,HG03917,0
0.052262068,0.10664585,0.44977784,0.46569473,0.089405835,HG03905,0
0.037058026,0.10516125,0.52225965,0.5643894,0.075531244,HG00186,0
0.04152432,0.09934965,0.49211645,0.5221076,0.07776615,HG03920,0
0.0063367486,0.06975436,0.82211006,0.8912898,0.0253717,HG00313,0
0.06469357,0.11078286,0.40152547,0.40286556,0.10181004,NA20892,0
0.008796364,0.07515979,0.7794548,0.8531538,0.03131178,HG03902,0
0.034589052,0.0969075,0.5433274,0.5819136,0.06908271,NA11932,0
0.009134829,0.077972114,0.7772621,0.8490064,0.03267628,HG00150,0
0.08292028,0.120705724,0.35301447,0.3417315,0.119802326,HG00318,0
0.082692295,0.12048802,0.3620824,0.35145956,0.11673781,NA20867,0
0.03405446,0.09775594,0.5403949,0.58251566,0.06903085,HG00375,0
0.049118727,0.10467267,0.45848912,0.47909775,0.08641103,HG00315,0
0.014088243,0.08376449,0.7213632,0.78822625,0.040987343,HG04061,0
0.027101725,0.09127879,0.58568585,0.63758445,0.05994606,HG03925,0
0.64308995,0.25108212,0.06371117,0.030080795,0.4486603,HG04164,0
0.0043126047,0.060797244,0.8707552,0.9265622,0.018123448,NA19783,0
0.038139254,0.09964475,0.5142549,0.5480708,0.07508874,HG04054,0
0.019615442,0.085565954,0.6501613,0.7137059,0.049331665,HG03689,0
0.0057986677,0.06963271,0.84136206,0.9037648,0.023441434,NA19657,0
0.16195038,0.14674908,0.24176145,0.2075207,0.17359501,HG04144,0
0.02966845,0.09364173,0.56870747,0.6165436,0.06333229,NA21088,0
0.028793752,0.0942812,0.5765269,0.62614554,0.06301099,HG03937,0
0.0071361065,0.07699376,0.8107903,0.87902737,0.029125422,NA12249,0
0.014430046,0.093116194,0.7240044,0.7903921,0.044410646,HG00369,0
0.12913615,0.14513314,0.29746667,0.2612741,0.15383515,HG03812,0
0.013821304,0.081341356,0.7187115,0.786283,0.04073766,HG04194,0
0.045572996,0.10559285,0.47575653,0.5047986,0.08346322,HG00177,0
0.022509158,0.09452739,0.63577133,0.6961864,0.05507347,NA19649,0
0.007602334,0.0768871,0.81251574,0.87767625,0.028896242,HG01378,0
0.0036436915,0.061861515,0.8814208,0.9374777,0.017164916,HG01932,0
0.010563672,0.076908916,0.7567096,0.8284906,0.03433168,HG03809,0
0.7004245,0.27123597,0.054116905,0.024271667,0.4887117,HG04173,0
0.0047177672,0.0664193,0.8574848,0.9188095,0.020761818,HG03625,0
0.013008684,0.08163214,0.72172576,0.7945479,0.039557397,HG03668,0
0.005604923,0.07073048,0.8391608,0.9042704,0.023744315,HG03914,0
0.086793005,0.12471467,0.34591058,0.33365455,0.124447465,HG04140,0
0.10343939,0.12785351,0.31823927,0.29566276,0.13451517,HG00274,0
0.026753515,0.093432695,0.5837504,0.6396427,0.061157584,NA20899,0
0.09474304,0.13378969,0.33969808,0.327648,0.1307294,HG00281,0
0.20545599,0.1573624,0.20525429,0.16141981,0.20481202,HG03598,0
0.009012908,0.080204576,0.7918118,0.85829383,0.032285094,HG00284,0
0.08819494,0.12181145,0.35288298,0.3347736,0.120640844,HG00267,0
0.06326556,0.11008379,0.40586966,0.4085781,0.100421965,HG04026,0
0.0036108792,0.061779976,0.8842033,0.93828344,0.016835928,HG00327,0
0.0047043264,0.06349242,0.86179733,0.92034113,0.019719154,HG00110,0
0.14986059,0.14046368,0.25150365,0.21440327,0.16786888,HG04096,0
0.009390086,0.07621688,0.77631927,0.84708196,0.032315224,HG04158,0
0.03576553,0.10424733,0.52358145,0.5624405,0.076218605,NA12778,0
0.004510194,0.06388962,0.86449724,0.9234394,0.019472241,HG04023,0
0.008820951,0.08077571,0.78351533,0.85334617,0.033412516,HG01565,0
0.08698332,0.12463775,0.34535015,0.3330264,0.12451267,HG03815,0
0.0045804083,0.06613633,0.85933536,0.9209205,0.020561665,HG00185,0
0.16887361,0.16516876,0.2706703,0.22371134,0.1794016,HG03009,0
0.038493782,0.0982064,0.50897974,0.54280186,0.07461274,HG03773,0
0.03358549,0.10055205,0.5522205,0.5962845,0.068926275,HG00246,0
0.6183828,0.25121522,0.07232952,0.03520587,0.43081445,HG04195,0
0.026893258,0.09115261,0.5946267,0.6445736,0.059258997,HG01789,0
0.026542723,0.09090328,0.5900388,0.64302725,0.059132457,HG04186,0
0.009061456,0.0720202,0.78057754,0.8502294,0.030592203,NA21104,0
0.041600317,0.10336411,0.50440204,0.53393185,0.07836908,NA21105,0
0.42797893,0.20875421,0.113170624,0.069049805,0.32349348,HG03907,0
0.0110194385,0.08659473,0.76208097,0.8313134,0.037331372,HG02790,0
0.007744223,0.07796347,0.80819213,0.87390435,0.029420465,HG00128,0
0.010675997,0.08192667,0.7680501,0.83532023,0.035516202,HG00278,0
0.0051929057,0.06877464,0.84706867,0.9110525,0.02245301,HG00269,0
0.0063260794,0.06698084,0.83096623,0.89334494,0.023902833,NA20881,0
0.02350548,0.09408823,0.61104834,0.6756767,0.057083607,NA21097,0
0.10413745,0.12843409,0.32352,0.2974919,0.13345832,NA20850,0
0.004362732,0.06808126,0.8640164,0.9247939,0.020445108,HG03931,0
0.055993617,0.10778856,0.43472782,0.44546336,0.09298977,HG04159,0
0.031921566,0.10159919,0.5474075,0.5925112,0.07117486,NA20852,0
0.019342124,0.08446029,0.65361464,0.7181498,0.048699856,HG00183,0
0.14578685,0.14169896,0.2614168,0.22524774,0.1640675,NA21128,0
0.008719683,0.07789567,0.7880586,0.8590934,0.031354457,NA19779,0
0.008212656,0.07338518,0.7895843,0.86201453,0.029664278,NA20866,0
0.005836636,0.06941551,0.8361889,0.90142006,0.02384764,HG03781,0
0.0050890446,0.07082242,0.8503462,0.913591,0.022629708,HG00329,0
0.004868716,0.07374501,0.85431266,0.91676354,0.022943944,HG04014,0
0.051775575,0.10874659,0.45474356,0.476566,0.089077264,NA20851,0
0.06927556,0.11781129,0.38755816,0.39108822,0.10871142,NA12762,0
0.056958437,0.10785827,0.43056485,0.43989205,0.09386632,NA21094,0
0.0050936043,0.07022205,0.8486141,0.9122306,0.02287963,HG00107,0
0.028838605,0.0925273,0.573202,0.622349,0.06217596,HG03833,0
0.009656608,0.07742125,0.7722355,0.84280527,0.033258706,NA19670,0
0.005966574,0.068719804,0.83787394,0.9006273,0.023637682,NA12889,0
0.004365504,0.06772417,0.8637289,0.92478716,0.020436198,NA12814,0
0.026766092,0.100325495,0.60162956,0.6563208,0.06267583,HG03919,0
0.025311142,0.09024024,0.6001755,0.65526974,0.05751747,HG03803,0
0.0057365894,0.06808218,0.8452814,0.9045991,0.022649974,HG01578,0
0.0067863166,0.072809696,0.8243208,0.88898975,0.026153982,HG00357,0
0.005114436,0.070334196,0.8482207,0.9119023,0.022953182,HG00353,0
0.0063278973,0.06962484,0.8222682,0.89141214,0.025318176,HG00350,0
0.03444189,0.097093076,0.5342634,0.5784643,0.06934887,NA20760,0
0.040143818,0.10167429,0.49936453,0.5329959,0.0778895,HG03717,0
0.0038975775,0.062731534,0.87495196,0.93287194,0.018078208,NA12776,0
0.045684874,0.10617745,0.48456883,0.5088166,0.082755774,NA12546,0
0.0050936043,0.07022205,0.8486141,0.9122306,0.02287963,HG00275,0
0.022136837,0.08870149,0.63051325,0.6906126,0.05338654,HG00360,0
0.019702703,0.086233765,0.6507957,0.71410036,0.04960832,HG03718,0
0.029263765,0.09274885,0.57005316,0.6185149,0.062693715,HG03694,0
0.005177319,0.06496543,0.85165894,0.91177845,0.02128911,NA21116,0
0.011812985,0.0784978,0.73635846,0.80976903,0.036950946,HG03826,0
0.00402385,0.058917224,0.8771009,0.93137515,0.017007917,HG01967,0
0.0042352974,0.06535879,0.8684104,0.92708194,0.019361109,NA19747,0
0.0068597794,0.0728423,0.8119928,0.88268405,0.027282745,NA12828,0
0.050890386,0.10671291,0.45605186,0.4740209,0.08829245,HG02793,0
0.025498807,0.09004876,0.5981413,0.65294063,0.057650626,HG02700,0
0.016749978,0.09375268,0.6887224,0.7564497,0.048306257,HG00372,0
0.021693796,0.091493756,0.642415,0.7031098,0.053364962,HG03960,0
0.05172941,0.108382374,0.45748174,0.4734987,0.08898088,HG00335,0
0.5082485,0.22189152,0.08838281,0.04863292,0.37502867,HG00341,0
0.05726576,0.10818246,0.42960438,0.4386735,0.09428519,HG03829,0
0.029494882,0.09345153,0.5715277,0.6200702,0.06307545,NA11829,0
0.0036373734,0.06060648,0.8824154,0.93749964,0.016768157,NA12749,0
0.04348868,0.1003449,0.48245662,0.5089553,0.080016255,HG02724,0
0.019628197,0.08484,0.653003,0.71583855,0.04903221,HG00125,0
0.116128355,0.13266847,0.30304012,0.27389613,0.14245802,HG03874,0
0.05571848,0.107346386,0.435447,0.4460433,0.092607915,NA20900,0
0.007041782,0.07757899,0.81368935,0.881379,0.028966844,HG00323,0
0.008005351,0.07537222,0.7969974,0.8669349,0.029802859,HG00187,0
0.05833155,0.10839018,0.42525727,0.4331712,0.09523487,HG03615,0
0.078848064,0.120161176,0.36584824,0.36294526,0.11483246,HG03604,0
0.014715135,0.08536732,0.71171814,0.7782903,0.043072462,NA20896,0
0.015327513,0.086153835,0.70501494,0.77104056,0.044150025,HG02652,0
0.005213201,0.06787196,0.8448523,0.9099239,0.022504628,HG00141,0
0.0048741996,0.06839776,0.85486495,0.9164926,0.021624058,HG00346,0
0.019219816,0.08755264,0.64416724,0.7110468,0.051232427,NA12287,0
0.009655833,0.07622215,0.7722653,0.8431897,0.032693088,NA20885,0
0.0049159825,0.066025525,0.8541675,0.9161914,0.02108854,HG03991,0
0.043613344,0.106603295,0.4997139,0.5260577,0.080632955,HG03736,0
0.004402697,0.06844792,0.86485064,0.9240562,0.020450234,NA21115,0
0.0038761795,0.062408477,0.87759936,0.9338415,0.017679542,NA21107,0
0.021330506,0.087471604,0.6331716,0.6950587,0.0521625,HG03934,0
0.0056270957,0.07460439,0.842682,0.9058075,0.024397075,NA12383,0
0.031419516,0.10281202,0.58954006,0.62700814,0.066901356,HG03805,0
0.0070289075,0.07521072,0.8213531,0.8857261,0.027393252,HG00306,0
0.0065663457,0.070436925,0.82693267,0.89129305,0.025287092,HG01334,0
0.013269365,0.083369374,0.7279948,0.7960025,0.040403306,NA21133,0
0.12390682,0.16943538,0.3660729,0.31979716,0.15281916,HG03866,0
0.0059458613,0.07506788,0.8346627,0.8998683,0.025593936,HG01954,0
0.0070391297,0.07646549,0.81235135,0.8804033,0.02877891,NA21118,0
0.06629491,0.1110917,0.396103,0.39598912,0.10311195,HG03681,0
0.061864614,0.11286566,0.41478848,0.4233199,0.099719495,HG03663,0
0.014498383,0.08525929,0.71387255,0.7810409,0.04273206,NA21122,0
0.028314829,0.09264529,0.57996684,0.63049066,0.061551332,NA11893,0
0.008303732,0.08497128,0.7983276,0.8667171,0.03263232,HG03887,0
0.012458444,0.08298215,0.7365561,0.80680907,0.03870967,NA20903,0
0.004435003,0.064394146,0.8650375,0.9230546,0.019614846,HG01435,0
0.03667295,0.10456756,0.51810884,0.555665,0.07721454,HG01350,0
0.008242309,0.072583646,0.79296833,0.8624659,0.029549062,HG04177,0
0.0052827895,0.06813279,0.8461152,0.9094524,0.022433251,HG02725,0
0.003713578,0.06322235,0.88015395,0.9365813,0.017583698,HG04206,0
0.02726236,0.09182903,0.58545804,0.6370559,0.060286015,HG03897,0
0.0051915348,0.06543848,0.8497925,0.91156447,0.021440148,HG03999,0
0.0052075386,0.07013118,0.8474644,0.9114943,0.02277568,HG03850,0
0.0036963224,0.0606606,0.8815343,0.9366475,0.016887546,HG01982,0
0.0057268143,0.07079667,0.83626384,0.90214133,0.024077207,HG03228,0
0.030132234,0.09319848,0.5639533,0.61134315,0.06363702,HG03238,0
0.012205124,0.079123825,0.73133224,0.8045103,0.03772351,HG04155,0
0.010976583,0.09164679,0.77025795,0.8379914,0.037860483,HG03611,0
0.0112504065,0.07831523,0.7483626,0.81949806,0.03576544,NA11930,0
0.0068202615,0.07666105,0.82133985,0.887103,0.027555466,HG00344,0
0.011369765,0.07724035,0.75100064,0.8181282,0.03575936,HG00235,0
0.0048010647,0.06883219,0.85564625,0.9176288,0.021555334,HG00364,0
0.016079873,0.087092996,0.7002558,0.7669182,0.044559896,NA21091,0
0.0036088228,0.0614447,0.88277197,0.9378937,0.01691699,NA12234,0
0.0085353255,0.0850057,0.7969537,0.8654239,0.032536596,HG04038,0
0.007516116,0.07016805,0.8083784,0.8751027,0.027148634,HG00155,0
0.0055626035,0.07146183,0.84585917,0.9083057,0.023413152,HG03616,0
0.0050908327,0.0701035,0.84985065,0.91339445,0.022504538,NA21102,0
0.03397277,0.097755075,0.54373074,0.5850406,0.0691351,HG03686,0
0.048156917,0.10358882,0.46595937,0.48581836,0.084671915,HG01362,0
0.30427355,0.19410953,0.18131787,0.12344721,0.25475472,HG03867,0
0.029158711,0.1020259,0.58454555,0.63568544,0.06584576,HG03785,0
0.09140998,0.12407562,0.34885702,0.32930356,0.123275876,HG04131,0
0.008775741,0.07938659,0.79326737,0.8612999,0.031781584,HG04017,0
0.0056954324,0.07321763,0.8395645,0.90446174,0.024436772,HG03989,0
0.004859239,0.06888005,0.85468674,0.9166145,0.021645397,HG00332,0
0.11376354,0.15522137,0.3574795,0.3268404,0.14336759,NA21143,0
0.007994115,0.077035755,0.8106455,0.87457806,0.028934836,HG00280,0
0.0105807185,0.08005628,0.7669651,0.83404803,0.034789026,NA20314,0
0.12385079,0.13459429,0.282946,0.2568777,0.14961064,HG00334,0
0.004229307,0.06735775,0.86781645,0.92702234,0.019882947,HG02232,0
0.02774012,0.0940887,0.5816896,0.63423204,0.061473727,HG04015,0
0.012452006,0.08793157,0.7440043,0.8129388,0.03967178,NA20877,0
0.017828375,0.08358592,0.6705558,0.73409164,0.04662347,HG04033,0
0.034929365,0.09637332,0.5305158,0.5692247,0.070616215,NA21103,0
0.11290273,0.12953681,0.30017465,0.27239937,0.14151505,HG04107,0
0.005643934,0.068057805,0.8435005,0.9056735,0.022809356,HG03636,0
0.008753061,0.079505116,0.79535544,0.8617121,0.031654447,HG00356,0
0.0663254,0.1111446,0.39610767,0.39596137,0.10314852,HG03884,0
0.010260254,0.083569795,0.77706754,0.84389293,0.0346331,NA11920,0
0.005513221,0.073140025,0.8408098,0.9049404,0.024505764,NA21127,0
0.009608835,0.072620064,0.77180636,0.84195733,0.031526893,HG00264,0
0.0070735514,0.07305166,0.81075346,0.8800349,0.02758661,NA12003,0
0.009867817,0.08553311,0.7726059,0.84356153,0.035699844,HG00321,0
0.021226019,0.09083131,0.64156306,0.70115894,0.05266708,HG03012,0
0.003988862,0.06324664,0.8727296,0.93122435,0.018444985,HG00176,0
0.102558106,0.12755513,0.32579422,0.30032325,0.13217106,NA20868,0
0.012991607,0.082512856,0.7342259,0.80329627,0.039016098,HG03727,0
0.1333467,0.1380437,0.27104738,0.24225277,0.15664098,NA21120,0
0.004044652,0.06477657,0.8717171,0.93023807,0.01887843,HG00336,0
0.035134673,0.09725857,0.52946526,0.5727192,0.07011649,NA10851,0
0.05788678,0.10956314,0.43072215,0.4394704,0.09480643,HG03830,0
0.010974228,0.08665565,0.75491035,0.826422,0.037885785,HG01271,0
0.019309849,0.086877525,0.65412956,0.7188603,0.04941818,HG03974,0
0.027226448,0.092546225,0.58974427,0.6399729,0.0601525,NA20901,0
0.0050936043,0.07022205,0.8486141,0.9122306,0.02287963,NA12873,0
0.004178643,0.06596956,0.8686881,0.92789125,0.01948902,HG00179,0
0.03283325,0.097320855,0.5424541,0.58771247,0.06892112,NA21125,0
0.30753118,0.1761109,0.14825165,0.10068014,0.26172388,HG03685,0
0.010473251,0.074525684,0.7584324,0.83008844,0.033421338,NA12156,0
0.017273784,0.0950405,0.6875192,0.7534823,0.049753815,HG01625,0
0.05215025,0.106387585,0.4484123,0.4638802,0.08963007,HG04183,0
0.0042948425,0.06262308,0.86875176,0.9266477,0.01873368,HG04029,0
0.015454084,0.09720412,0.72312754,0.78642213,0.045716792,HG03777,0
0.029340357,0.095641196,0.5646512,0.61619383,0.064894825,HG02684,0
0.013480693,0.08276877,0.71072215,0.7853917,0.041262418,HG03796,0
0.04368323,0.10656732,0.48399663,0.5170033,0.08234346,HG01785,0
0.015101939,0.079950124,0.69944596,0.76809776,0.04176706,HG00180,0
0.005054742,0.06923288,0.85129774,0.9134982,0.022230983,HG00351,0
0.005895883,0.07492396,0.8356621,0.9009405,0.02531004,HG03943,0
0.014715284,0.09341523,0.7302643,0.7920358,0.043622553,HG03947,0
0.057047606,0.1078482,0.43012384,0.4393788,0.09393117,HG04227,0
0.0109859705,0.07924771,0.76013815,0.82623297,0.035860747,HG01518,0
0.0360834,0.11269918,0.5684682,0.6005945,0.07372078,HG03793,0
0.0037162304,0.06239128,0.87947476,0.93614554,0.01750058,HG00310,0
0.006324768,0.07581386,0.8271841,0.89258647,0.026803672,HG02655,0
0.011902511,0.080596834,0.7471285,0.8166319,0.03693694,HG03756,0
0.5679145,0.23553154,0.07905039,0.041040093,0.40131763,HG03986,0
0.029496491,0.10107708,0.5695472,0.62530154,0.06578529,HG03753,0
0.03905639,0.10758829,0.51402676,0.5548063,0.07726821,HG03977,0
0.0075927973,0.07760966,0.822618,0.88320005,0.027784318,HG01765,0
0.007110983,0.07658365,0.81106305,0.8792367,0.028960258,NA21124,0
0.034038395,0.09683108,0.5375585,0.5776725,0.06998968,HG04056,0
0.0050936043,0.07022205,0.8486141,0.9122306,0.02287963,HG00382,0
0.06533873,0.110369444,0.39837414,0.39925203,0.1020605,HG04106,0
0.0067844093,0.07367492,0.8158909,0.8844219,0.027213305,NA12750,0
0.0038532615,0.062649846,0.8761425,0.93356097,0.017943025,NA12872,0
0.004769206,0.064009726,0.86052525,0.9193604,0.019979715,HG00136,0
0.004030317,0.058894813,0.87699234,0.93124324,0.017017305,HG01680,0
0.02734083,0.09356436,0.58829415,0.64004004,0.061148018,HG04075,0
0.10260829,0.12831712,0.31509304,0.29807648,0.1344274,HG03910,0
0.12666729,0.13654009,0.2882819,0.25592232,0.15026912,HG02681,0
0.005984366,0.06944969,0.8373438,0.89996314,0.02391684,NA12275,0
0.007475227,0.07774493,0.80498326,0.87368464,0.03001535,HG00231,0
0.056551903,0.10847664,0.43432188,0.44482145,0.09331122,NA20540,0
0.065262645,0.111142516,0.40026802,0.40151381,0.10219741,HG04211,0
0.013813704,0.08425513,0.7263497,0.79199505,0.040848076,NA21089,0
0.039710194,0.10124838,0.50148314,0.5359276,0.07722902,HG01459,0
0.020059645,0.08611113,0.65367854,0.7130523,0.049788475,NA20512,0
0.0051450133,0.06740412,0.846287,0.9110546,0.02223885,HG00154,0
0.007928163,0.078915626,0.7987032,0.8686146,0.030521333,HG02792,0
0.034705073,0.097940385,0.5395105,0.5791035,0.06973472,HG03900,0
0.06328651,0.110129744,0.40585536,0.40855443,0.10045752,HG02682,0
0.048446476,0.10458031,0.46700686,0.4875279,0.08483493,HG03969,0
0.0050275624,0.066583425,0.8557682,0.91556877,0.02110082,HG00117,0
0.0077102184,0.079744846,0.80783826,0.8760727,0.02978602,NA19663,0
0.0050313175,0.071584105,0.8522531,0.91452026,0.022671819,NA20887,0
0.0046281815,0.0662483,0.8579292,0.92026854,0.020751536,HG03742,0
0.044771254,0.10468012,0.48721611,0.51225686,0.08157855,HG03684,0
0.014355987,0.085031986,0.7156784,0.7828218,0.04245159,NA20876,0
0.014815003,0.08257067,0.70676994,0.7753468,0.04193163,HG00132,0
0.0034337938,0.058236778,0.8890681,0.941303,0.01554215,HG00355,0
0.009891003,0.075713634,0.7676442,0.83830225,0.033246458,HG03770,0
0.005854398,0.07782039,0.83541685,0.90185446,0.026185751,NA12004,0
0.0035718381,0.060883135,0.8834679,0.93831754,0.016738325,HG00157,0
0.046674103,0.11620051,0.508515,0.524624,0.087656915,HG02658,0
0.009872615,0.07529098,0.7702446,0.83961546,0.03290969,HG03772,0
0.013328612,0.08735597,0.731636,0.8010678,0.0409804,NA12283,0
0.07847375,0.117078096,0.36464453,0.3548498,0.11450377,HG03744,0
0.0037296712,0.06375703,0.8794887,0.93567526,0.017756432,HG00182,0
0.033587843,0.10335055,0.5371671,0.5858566,0.072056204,HG01924,0
0.012592971,0.079030365,0.728129,0.7997859,0.038250625,HG03873,0
0.05523601,0.110010296,0.44418275,0.45581266,0.09249413,NA06989,0
0.009726554,0.07643217,0.7619384,0.8379996,0.033323884,NA12043,0
0.026608467,0.09112567,0.58986366,0.64261323,0.05933678,HG03490,0
0.03419,0.09801477,0.5398417,0.5817342,0.06925166,HG00129,0
0.005230248,0.07344952,0.84761703,0.9113351,0.02363363,HG03963,0
0.0044294894,0.06610885,0.8623593,0.9232292,0.02026707,HG00178,0
0.42163342,0.19939876,0.11340445,0.06769967,0.31639963,HG03908,0
0.027498156,0.0914146,0.5824367,0.6337373,0.0604091,HG03870,0
0.015053809,0.0897688,0.71230626,0.7804424,0.044144183,HG01947,0
0.012006074,0.08099043,0.7471559,0.8141247,0.03728217,HG00097,0
0.04099822,0.09946576,0.4956209,0.5257014,0.077393144,HG04060,0
0.012035817,0.08014929,0.74091667,0.8109391,0.037202448,NA20863,0
0.003740579,0.06283942,0.8804717,0.9362004,0.017457068,NA20582,0
0.0046512187,0.070394605,0.85879016,0.92041785,0.021618366,NA21098,0
0.0050788224,0.065775484,0.85423934,0.9145061,0.021076053,NA20818,0
0.0038858652,0.062436312,0.8753475,0.9331295,0.017966807,HG03968,0
0.025676847,0.09448016,0.61214757,0.66558594,0.058469325,HG03714,0
0.005030036,0.06714669,0.8488655,0.9130627,0.021906585,HG00362,0
0.015522629,0.08389518,0.6938735,0.7608733,0.044538587,NA20522,0
0.0060977936,0.07528567,0.8305224,0.8958005,0.026278913,HG04042,0
0.013188183,0.08472127,0.73573667,0.8011149,0.03992617,HG02223,0
0.039387465,0.09815812,0.5032715,0.53590226,0.07537013,HG04238,0
0.005195737,0.06677261,0.8488264,0.9116906,0.021850169,HG03858,0
0.005346626,0.06932905,0.8440409,0.90839493,0.022884816,HG04162,0
0.0054331124,0.07151914,0.84448826,0.90763247,0.02356562,HG00337,0
0.0068871677,0.077928364,0.8155333,0.8844216,0.028649956,HG00159,0
0.005618185,0.07366693,0.8416437,0.905068,0.024430841,HG01586,0
0.092039794,0.12326273,0.33924687,0.32092974,0.12523031,HG03680,0
0.10712874,0.12929505,0.317064,0.2914213,0.13561425,NA20581,0
0.0056235194,0.071092516,0.8405089,0.90410376,0.02391249,NA21111,0
0.008826464,0.07509029,0.77899396,0.8527333,0.031330228,HG04180,0
0.006364107,0.07312393,0.8274772,0.89331377,0.025906712,NA12829,0
0.02295646,0.093265384,0.6379533,0.68825036,0.05649197,HG01675,0
0.028680235,0.10169804,0.58795595,0.639786,0.06521097,HG04062,0
0.0097183585,0.075115204,0.7724972,0.84187573,0.03259763,HG03634,0
0.0034978986,0.058264703,0.88779104,0.94059324,0.01568383,NA12046,0
0.015070975,0.08538428,0.70730853,0.7736323,0.04354933,HG02783,0
0.010892123,0.07736111,0.7535665,0.82431597,0.035312325,HG03672,0
0.004910469,0.06578189,0.85458446,0.916327,0.020988375,HG04214,0
0.0054404736,0.06973371,0.84225285,0.90713274,0.023208886,HG01277,0
0.004589081,0.06198269,0.86458784,0.92185295,0.019088447,NA20770,0
0.020744205,0.08745372,0.6422768,0.7039141,0.05154404,HG03019,0
0.010374695,0.0811232,0.7691974,0.8377348,0.034998477,NA20534,0
0.0040759444,0.06365293,0.8706633,0.929675,0.01876375,HG02278,0
0.004490167,0.06603831,0.8609503,0.92259765,0.020368874,HG03967,0
0.004999578,0.06578341,0.85511243,0.91584516,0.02099052,NA20771,0
0.021091908,0.08626735,0.63648134,0.6986045,0.05130011,HG03911,0
0.0036866367,0.0596115,0.8826246,0.93666244,0.016542554,NA20802,0
0.012805879,0.082134426,0.7362455,0.8053816,0.038655788,HG00143,0
0.003722459,0.063176274,0.879771,0.9357156,0.017625779,NA19762,0
0.040370792,0.13014725,0.571637,0.5944308,0.082558125,HG02731,0
0.012387574,0.081006974,0.72813964,0.80217075,0.03867784,HG03789,0
0.013218641,0.09539941,0.7407937,0.808206,0.042780787,NA20778,0
0.004481226,0.06760189,0.86054647,0.9224541,0.020795196,HG00233,0
0.0034643412,0.058723032,0.8879931,0.9410768,0.015761703,HG02219,0
0.012590855,0.086464316,0.7332803,0.80531424,0.040424854,NA20531,0
0.027874619,0.09205446,0.58524776,0.63540196,0.06073007,HG00142,0
0.021238714,0.08781096,0.6354324,0.6968204,0.05217558,HG02696,0
0.0054728687,0.06792331,0.84690464,0.908538,0.022404045,HG00099,0
0.0043998063,0.065252185,0.86308706,0.9241519,0.019952863,HG03018,0
0.0058622956,0.076322615,0.8362185,0.9013469,0.02563113,HG03624,0
0.003507018,0.05913672,0.8868184,0.94026434,0.015984803,NA06986,0
0.005449623,0.07321909,0.8480817,0.9096644,0.023549587,NA12842,0
0.0068779886,0.06853324,0.81948,0.88495815,0.025526881,NA11830,0
0.0037265718,0.062535316,0.87920326,0.935953,0.017562687,NA20511,0
0.022605687,0.11414215,0.6702935,0.7231507,0.059684068,HG03691,0
0.004352778,0.067528844,0.86479056,0.9248462,0.020325959,HG03746,0
0.0040959716,0.06462526,0.87058127,0.92945594,0.018983781,NA19661,0
0.008199364,0.07973409,0.8001729,0.86897874,0.030702293,HG04200,0
0.0036916435,0.062456816,0.881073,0.9362323,0.017337114,HG00126,0
0.057904422,0.12269035,0.47357082,0.4740278,0.097385675,HG01345,0
0.005012125,0.06527087,0.85531,0.9155001,0.020835102,HG04118,0
0.003929645,0.06428087,0.87467104,0.9323371,0.018445581,NA12340,0
0.0334827,0.09977767,0.5477636,0.59029,0.06976125,HG04093,0
0.03344181,0.10830298,0.5731732,0.6155468,0.0704478,HG03745,0
0.0073570013,0.06955856,0.81063706,0.8773216,0.026714206,NA20513,0
0.0053192377,0.07276416,0.8462734,0.91014516,0.023574084,NA20911,0
0.014885902,0.08771181,0.71084446,0.77867734,0.04321468,HG01513,0
0.06671667,0.115451515,0.40831813,0.41185132,0.10219762,NA12144,0
0.011963218,0.0824469,0.7499527,0.8159952,0.037499666,NA12763,0
0.0058125257,0.07321015,0.83889705,0.90245795,0.02446431,HG03951,0
0.26167965,0.19154105,0.2130717,0.15231949,0.23276213,HG04153,0
0.035227,0.10590407,0.5463364,0.58845985,0.07325995,HG04202,0
0.024768144,0.09307274,0.6127819,0.66938996,0.058198243,HG02688,0
0.09460738,0.12402657,0.33975768,0.31783074,0.12577021,NA21086,0
0.010714918,0.081015944,0.7541472,0.82646394,0.036194295,HG00258,0
0.0050359964,0.07153162,0.8503245,0.91420794,0.022838026,HG01256,0
0.0041356385,0.065024406,0.87223303,0.9298812,0.01886928,NA20586,0
0.060536087,0.11754048,0.4326644,0.44416758,0.09968847,HG03743,0
0.0044314563,0.066235125,0.8640412,0.9234743,0.020010918,HG04188,0
0.011830717,0.077519625,0.7484331,0.8146528,0.036085725,NA20811,0
0.023734868,0.094809115,0.609336,0.67383766,0.057524264,HG02603,0
0.00461936,0.06706637,0.86328125,0.9225484,0.02034226,HG00106,0
0.005255103,0.070484966,0.84661996,0.9107698,0.022955686,HG01707,0
0.0040706694,0.063708425,0.87074685,0.92974794,0.018772185,NA20845,0
0.0055375993,0.06763494,0.8401012,0.90506506,0.02289927,HG02661,0
0.0070813596,0.07772648,0.8131114,0.8808303,0.029076219,HG00145,0
0.0051038563,0.07007319,0.85179585,0.91425025,0.022305965,HG01606,0
0.018332273,0.08939791,0.6561713,0.7286361,0.049556375,HG01174,0
0.03177136,0.09430486,0.55288804,0.59714186,0.065818906,NA20908,0
0.0056019425,0.0712364,0.83963937,0.90518105,0.023903012,HG04216,0
0.008797079,0.085131586,0.79056036,0.8592324,0.03346783,NA20504,0
0.004956037,0.07074678,0.8510471,0.91451514,0.022622705,HG00174,0
0.012652993,0.094411075,0.75435114,0.81542563,0.040949017,NA20874,0
0.056892216,0.1077044,0.4305817,0.43998316,0.09373918,NA21095,0
0.04400292,0.100647,0.48003787,0.5057958,0.08060458,HG02784,0
0.0058862865,0.066838056,0.8379341,0.9008465,0.023197114,NA19756,0
0.09888658,0.1268506,0.33378738,0.3105928,0.12925223,HG01936,0
0.08307263,0.121093035,0.36777946,0.353305,0.116459936,HG01747,0
0.10420337,0.12661275,0.3145464,0.28959215,0.135059,NA20884,0
0.024175107,0.09076464,0.6124784,0.668795,0.056311518,HG01948,0
0.028612107,0.09224233,0.57450527,0.6240456,0.061846197,HG04212,0
0.008615673,0.07503569,0.78789836,0.85798526,0.030739605,NA20518,0
0.0036606193,0.061560452,0.8820566,0.93668854,0.017056972,NA20894,0
0.0068107247,0.07690671,0.8212606,0.888447,0.027454078,HG01111,0
0.004039854,0.06263393,0.8733752,0.930796,0.018254071,HG01631,0
0.015964031,0.09485263,0.7144309,0.7790557,0.046280563,HG03652,0
0.0060785115,0.07024357,0.8312502,0.89596254,0.024746627,HG01140,0
0.019155294,0.09138784,0.66490054,0.729635,0.05011162,HG03234,0
0.0126977265,0.096031755,0.7514622,0.8163341,0.04174325,NA20530,0
0.004245937,0.06605649,0.86989343,0.9271437,0.019407809,NA20756,0
0.0041929185,0.06248817,0.87069297,0.9287789,0.018497258,HG03998,0
0.007971615,0.06936923,0.80196834,0.8668419,0.027579099,NA20787,0
0.009934574,0.08470002,0.7808832,0.8475997,0.0346871,HG02775,0
0.008808613,0.07964927,0.7843783,0.8556263,0.03241262,NA19746,0
0.0066997707,0.077594966,0.82446814,0.8895132,0.027457982,NA20527,0
0.0049510896,0.0675129,0.85896385,0.91689396,0.021089852,HG01619,0
0.026213408,0.09046513,0.59224355,0.6459273,0.058586687,NA20768,0
0.05700758,0.10779643,0.4302259,0.4394846,0.09388131,HG02600,0
0.042935103,0.10016507,0.48519787,0.5131373,0.07934216,HG03716,0
0.005222678,0.06605941,0.8512007,0.9121037,0.02147293,NA20538,0
0.003678441,0.06066668,0.88344157,0.9371368,0.016677797,HG03021,0
0.013447911,0.07940075,0.72608423,0.7929201,0.039093524,HG01537,0
0.0047433972,0.065199494,0.86052513,0.9201235,0.020254463,NA12815,0
0.04624197,0.105544865,0.4893175,0.509292,0.08242032,HG03713,0
0.0069380403,0.07536876,0.8212518,0.8869315,0.027169496,HG01673,0
0.005710393,0.07098532,0.83719414,0.9025723,0.024057567,HG03762,0
0.0090996325,0.075728655,0.7745874,0.8486235,0.0320037,HG03945,0
0.006584257,0.073731154,0.8284459,0.8921019,0.026159674,HG00251,0
0.006124258,0.07497543,0.83051,0.89685667,0.026037753,HG03775,0
0.10153583,0.12771046,0.32813329,0.30428326,0.13135591,NA20822,0
0.028391004,0.097813845,0.59605277,0.6426331,0.06278786,HG03787,0
0.004519731,0.064876616,0.86219,0.9226874,0.0199444,HG03985,0
0.0040418804,0.06714356,0.8714464,0.93006396,0.019408971,HG01623,0
0.03884378,0.10060832,0.50937754,0.5483259,0.0747779,NA19776,0
0.035915196,0.098878115,0.5400164,0.5747737,0.07081446,NA12273,0
0.02660942,0.09065932,0.5891414,0.6422467,0.05905348,NA20753,0
0.005114168,0.0711163,0.8484623,0.911449,0.02310443,NA20872,0
0.0044819415,0.069853514,0.86189955,0.92272097,0.021113247,HG01503,0
0.019600034,0.091346085,0.6602845,0.7241029,0.050676018,NA20819,0
0.0043570697,0.0628874,0.8674344,0.92560077,0.01894039,HG03720,0
0.25429794,0.16662863,0.17626044,0.12853932,0.23147312,HG03780,0
0.06358224,0.13416886,0.46990937,0.47214073,0.10289389,NA21144,0
0.0051361322,0.06982285,0.8488644,0.91263473,0.022546321,HG00380,0
0.004618615,0.07048577,0.85843706,0.92024314,0.021714985,HG01494,0
0.0057240725,0.065045804,0.842306,0.903136,0.02222231,NA19669,0
0.0052352846,0.06234479,0.85173845,0.9103857,0.02053243,NA20508,0
0.0055635273,0.06900573,0.8419199,0.90507185,0.023123413,HG02733,0
0.009033561,0.082390636,0.7885121,0.8577208,0.032838136,HG00116,0
0.0037068129,0.062728256,0.8797809,0.9359516,0.01754576,HG02233,0
0.01787296,0.09587121,0.6815506,0.74690825,0.05082947,HG02252,0
0.00406152,0.06184694,0.8740871,0.9310609,0.01798755,HG00256,0
0.0035723746,0.06103778,0.8836416,0.93894637,0.016732126,NA12761,0
0.02038595,0.089752376,0.6551765,0.71491516,0.051701397,NA20786,0
0.0053792894,0.07408768,0.84660244,0.90941703,0.023887157,NA20542,0
0.12144309,0.13424715,0.2869156,0.2617405,0.1479677,NA19789,0
0.004787773,0.065256715,0.8606396,0.91928756,0.020259231,NA12155,0
0.004277557,0.06080225,0.86912894,0.9262082,0.018259436,HG03771,0
0.00329417,0.058257848,0.8916071,0.9439711,0.015254885,HG01702,0
0.06795308,0.12176955,0.42125878,0.41913524,0.10599843,HG00188,0
0.0058988333,0.06989133,0.8395752,0.9022571,0.023706317,NA19681,0
0.004489839,0.06546584,0.86140656,0.9226348,0.020142496,HG01530,0
0.016630918,0.0845657,0.6882092,0.75274175,0.04510662,HG00102,0
0.0038006008,0.063635975,0.8787339,0.9351689,0.017825544,HG01522,0
0.0032033026,0.05792147,0.89394915,0.9456271,0.014921099,HG01097,0
0.027484864,0.09600788,0.5957328,0.645643,0.061895013,NA20790,0
0.005693078,0.06471944,0.84131384,0.90314054,0.022181094,HG01177,0
0.004447609,0.06771529,0.8656982,0.9248381,0.020206451,HG02230,0
0.01886028,0.08740795,0.6698526,0.7310101,0.048560202,HG00239,0
0.0036953688,0.059606224,0.8825019,0.9364897,0.016558975,HG01602,0
0.004961163,0.06816715,0.8528776,0.91517323,0.02179277,NA20807,0
0.0036960542,0.060792953,0.88225555,0.9369314,0.016824484,HG00254,0
0.021415561,0.09671241,0.6409357,0.7043512,0.05536288,NA19684,0
0.0036734343,0.06169644,0.8809316,0.93686974,0.01719287,NA12154,0
0.0042158067,0.062345237,0.87136114,0.9272182,0.018454969,HG00255,0
0.015825808,0.10046244,0.724119,0.7816143,0.046959728,HG02737,0
0.0037056208,0.06308934,0.880321,0.9367143,0.017536968,HG03854,0
0.003406018,0.058558166,0.8890345,0.94182193,0.015606225,NA19761,0
0.0043932498,0.066505075,0.86313903,0.92394507,0.020293534,HG01773,0
0.0042946935,0.06648469,0.86574167,0.9258379,0.019936621,HG01112,0
0.0051774085,0.06651732,0.8523134,0.91297144,0.02146244,NA20755,0
0.0037638843,0.06314814,0.8783835,0.9349183,0.017799616,NA20801,0
0.0042125285,0.060319245,0.8729687,0.92833185,0.017773569,NA20524,0
0.0036250353,0.061262995,0.88206893,0.937323,0.016979635,HG01510,0
0.0040544868,0.05926332,0.87645966,0.9309261,0.017156065,NA19658,0
0.0989947,0.12654853,0.33301145,0.3097125,0.12926468,NA20517,0
0.0041088164,0.06438476,0.87365055,0.93028677,0.018558264,HG01746,0
0.006482452,0.067306995,0.8282525,0.89086044,0.024278313,HG00123,0
0.008098006,0.07079399,0.80102134,0.86633813,0.028177053,NA20759,0
0.0043554604,0.06784493,0.8656322,0.9250056,0.020209014,HG03640,0
0.010455161,0.08114365,0.7700869,0.8386228,0.034741074,HG03690,0
0.0063228607,0.070065886,0.83131355,0.8939172,0.024812728,HG01618,0
0.005561352,0.067445636,0.8409612,0.9034455,0.023129135,NA20864,0
0.008237451,0.0775111,0.8016086,0.86897665,0.029969245,NA20799,0
0.005512744,0.06342605,0.84698963,0.9060462,0.021317571,NA20774,0
0.003387332,0.057956576,0.88994455,0.94251657,0.015379071,NA12775,0
0.003604591,0.061124474,0.8827827,0.93818533,0.016855776,NA07357,0
0.006950319,0.0726172,0.8165556,0.8844036,0.026798755,HG03730,0
0.014006108,0.080037445,0.71449697,0.78193897,0.040392786,HG02649,0
0.00920105,0.07537073,0.7831703,0.850899,0.03162256,HG01632,0
0.004310757,0.06779343,0.86487633,0.9256903,0.020321012,HG01770,0
0.005742967,0.07276571,0.83407176,0.9008273,0.025203973,NA07037,0
0.007403761,0.07746178,0.8062849,0.8748002,0.029770136,HG00236,0
0.01680538,0.08743179,0.69213855,0.75534046,0.045897096,HG04210,0
0.0072441697,0.07592505,0.809021,0.8778082,0.02880451,HG01357,0
0.0060563684,0.06503314,0.8371539,0.897287,0.022770762,HG01783,0
0.005256206,0.07345542,0.8476281,0.911343,0.02360022,HG01583,0
0.004397154,0.06787005,0.86571026,0.92511106,0.020247936,HG01170,0
0.0061730444,0.07114488,0.8287952,0.89495015,0.02517423,HG00244,0
0.0037613213,0.063592464,0.8794128,0.9358103,0.017744541,HG00137,0
0.003575325,0.06055659,0.88405204,0.9386642,0.01658076,HG01351,0
0.017980188,0.089399815,0.68129724,0.746086,0.04769829,HG03872,0
0.041861415,0.10240972,0.5000241,0.52936155,0.078106254,NA19654,0
0.010606885,0.078669965,0.7581997,0.82928145,0.035167366,NA20886,0
0.008854836,0.074768096,0.78702384,0.8559294,0.030695498,HG03898,0
0.0122743845,0.08507162,0.74885,0.8132868,0.039311945,HG00263,0
0.003393799,0.05834204,0.8901615,0.9422714,0.015427887,NA20589,0
0.0046794116,0.067373335,0.8621663,0.921644,0.020539045,HG02215,0
0.028767556,0.10219094,0.58774006,0.6394373,0.06545991,HG03750,0
0.0037693977,0.06368777,0.879218,0.93567574,0.01778692,NA20506,0
0.004765302,0.065927446,0.8572731,0.9173138,0.020932257,HG01670,0
0.011673361,0.07946038,0.7463314,0.8155515,0.036916405,HG02789,0
0.004628986,0.06624079,0.86038196,0.92002666,0.020514876,HG03731,0
0.026372313,0.09061214,0.5912338,0.64461964,0.058786064,NA20519,0
0.02927506,0.108409286,0.60437983,0.65112174,0.06632587,NA20503,0
0.004554808,0.061143726,0.8653426,0.92206186,0.018780261,HG01188,0
0.0039093792,0.060927838,0.8766693,0.93275243,0.017517418,HG01275,0
0.0035358965,0.058407336,0.8865792,0.93947965,0.01585272,HG02235,0
0.0060106516,0.06593627,0.83664274,0.898201,0.023026586,NA12760,0
0.055292815,0.10732409,0.43706423,0.44861034,0.0922223,HG01669,0
0.00426659,0.06664243,0.86769825,0.92721486,0.019717574,HG01761,0
0.07203388,0.116971254,0.3972798,0.39040476,0.10696572,HG01705,0
0.020937294,0.09229213,0.6554177,0.71607697,0.052304417,HG04022,0
0.0064068735,0.06996322,0.82770056,0.8928406,0.024996012,NA20775,0
0.01510793,0.0876548,0.6963736,0.7698376,0.04422316,HG01353,0
0.017109066,0.0907422,0.6968431,0.7570381,0.046915412,HG01173,0
0.14547497,0.14127523,0.2610827,0.22575063,0.16350564,NA20805,0
0.012835205,0.08058283,0.73037285,0.8000453,0.038527876,HG01767,0
0.004060507,0.063571095,0.8732453,0.9301746,0.018425703,HG01709,0
0.008769244,0.07819641,0.799385,0.8642777,0.03055206,NA20588,0
0.047172666,0.11584553,0.47784835,0.5071337,0.0890134,NA19755,0
0.0060456097,0.067782015,0.83611023,0.89766514,0.023748666,HG01413,0
0.004330933,0.06446588,0.8665018,0.92556465,0.019351542,HG02697,0
0.0052601397,0.07077193,0.8488771,0.9118452,0.022803098,HG01133,0
0.0034135282,0.06011343,0.8889989,0.94146085,0.015937448,NA20525,0
0.025431007,0.09569007,0.6148441,0.66265094,0.059880465,HG01509,0
0.0054142177,0.06843656,0.85142905,0.91014326,0.02203849,HG01191,0
0.011229813,0.07894537,0.7539277,0.82229495,0.035743684,HG01620,0
0.003600657,0.061345458,0.88288015,0.938435,0.01688394,NA20541,0
0.0052324235,0.06765032,0.8523333,0.912608,0.021740377,HG00736,0
0.0044695437,0.0644688,0.8620356,0.92291474,0.019913942,HG01504,0
0.009751618,0.080881864,0.7761994,0.84586054,0.03375408,NA20544,0
0.0068077743,0.07558769,0.82459056,0.889028,0.027057856,HG01766,0
0.0044393837,0.06283015,0.86736596,0.92481107,0.018970728,HG01492,0
0.007739991,0.07430491,0.8053594,0.8722906,0.028668791,HG01149,0
0.0042001605,0.06494948,0.87057734,0.92875373,0.01903689,HG01253,0
0.0044989884,0.063302696,0.86780137,0.9242076,0.019004345,HG01762,0
0.0033694208,0.057763398,0.89042294,0.94282776,0.015286446,HG01491,0
0.00970462,0.07866588,0.77549696,0.842558,0.033055454,HG04039,0
0.012646794,0.08142069,0.7384455,0.80511343,0.03843966,NA20792,0
0.0061202943,0.07542792,0.8292396,0.89643526,0.026271999,HG01260,0
0.026885837,0.096493065,0.6002263,0.64932483,0.060708284,HG01630,0
0.008382231,0.07404348,0.7934024,0.8611958,0.029993892,NA20509,0
0.013084769,0.08817309,0.74066615,0.80694973,0.04088506,HG01083,0
0.003931731,0.0642257,0.8745681,0.93232733,0.018438518,HG01489,0
0.0034193695,0.0586147,0.8886219,0.94167,0.015664965,HG00130,0
0.012112439,0.07813802,0.7447475,0.8112931,0.03668335,HG01079,0
0.005167693,0.069927156,0.8482605,0.91214037,0.022639245,HG01205,0
0.015384585,0.0878388,0.7125244,0.7745949,0.043822646,HG01136,0
0.0036135912,0.05853963,0.88465565,0.93789554,0.01610449,HG01182,0
0.17937523,0.15412846,0.22002405,0.18203318,0.1924712,HG01190,0
0.0034532547,0.0597094,0.8871285,0.9407248,0.016060114,HG01164,0
0.0069265366,0.07149103,0.81976306,0.8838829,0.026457638,HG01303,0
0.004097283,0.063979894,0.87087417,0.92895865,0.018868536,HG02090,0
0.005613476,0.071534276,0.84102845,0.9055428,0.02385053,HG01710,0
0.0044587255,0.0648056,0.8689226,0.92479724,0.019194067,HG01756,0
0.003863126,0.06395927,0.8757558,0.9335909,0.018291205,HG01676,0
0.03409311,0.1029107,0.5334242,0.57500684,0.07395318,HG01455,0
0.004106641,0.06425196,0.8699496,0.92825246,0.019054621,HG01198,0
0.0032165647,0.058009088,0.8936207,0.94539165,0.014975011,HG01403,0
0.025052994,0.09870547,0.6216465,0.67590904,0.058937818,HG00551,0
0.0053003132,0.06688914,0.8458884,0.9077166,0.022450805,HG01395,0
0.01765719,0.08883619,0.68451786,0.7496278,0.0471645,NA19719,0
0.035404176,0.10388991,0.5256828,0.56517625,0.07567477,HG01933,0
0.010532975,0.075484246,0.76627064,0.83238494,0.033367455,HG02298,0
0.048757404,0.1095514,0.48568037,0.50206405,0.08564508,HG01694,0
0.028460711,0.1020343,0.6021593,0.64938486,0.06364763,HG01095,0
0.004376352,0.068017185,0.86345506,0.92461264,0.020532697,HG01311,0
0.004936278,0.06698075,0.8541547,0.9144722,0.021472603,HG00742,0
0.0038977563,0.06113884,0.8767464,0.9329028,0.017554581,HG01501,0
0.006050259,0.068092525,0.8336649,0.89795685,0.023988873,NA19725,0
0.0043149292,0.06222418,0.867326,0.9250353,0.018801004,HG01389,0
0.005986333,0.06555438,0.83544767,0.89759743,0.023109943,HG01058,0
0.019584477,0.097059876,0.6622901,0.72643447,0.052983016,HG01072,0
0.004831642,0.06362346,0.859987,0.917495,0.02004376,HG01197,0
0.010409445,0.078709185,0.76115537,0.8323057,0.034841865,HG01363,0
0.0032140017,0.057968885,0.89368784,0.94543135,0.014959812,HG01075,0
0.0032605529,0.05895534,0.89212775,0.94408035,0.015362442,HG01063,0
0.032336712,0.09978312,0.56877804,0.6099349,0.06729117,HG01200,0
0.008786827,0.07913029,0.7987647,0.86291516,0.03080383,HG01085,0
0.007023096,0.07593498,0.82398427,0.88787925,0.02712816,HG01398,0
0.031483263,0.09531531,0.5658673,0.60396266,0.066006005,HG00638,0
0.007513404,0.06966701,0.8086053,0.8730487,0.02723676,HG00637,0
0.006146103,0.0729152,0.83608615,0.89989626,0.024900079,HG01325,0
0.007009238,0.07403442,0.815221,0.8837081,0.027276754,HG01965,0
0.0037741363,0.06372368,0.8790966,0.93559295,0.017808646,HG01171,0
0.008146614,0.068676084,0.79935646,0.8640013,0.027668744,HG01405,0
0.0075671077,0.07793298,0.8036113,0.8723124,0.030219674,HG01167,0
0.0041325986,0.065609425,0.8695365,0.92861545,0.019314855,HG01060,0
0.0037917495,0.063717395,0.8803033,0.9351052,0.01766178,HG01312,0
0.015078992,0.087264776,0.7257372,0.7807932,0.043312937,HG01556,0
0.022884578,0.09079078,0.63396215,0.6882616,0.05438611,HG01402,0
0.15784156,0.14518377,0.2485236,0.21065441,0.17176345,HG01134,0
0.15225798,0.14365211,0.25901976,0.21670729,0.16889647,HG01089,0
0.14148518,0.13866976,0.26060283,0.2253485,0.16353768,HG01048,0
0.04144454,0.11056039,0.50404453,0.5399758,0.08148584,HG01305,0
0.0047079623,0.06811392,0.8611995,0.92020035,0.020823985,HG01892,0
0.005778998,0.06950244,0.8417011,0.9040717,0.023371994,NA19921,0
0.009954929,0.079562426,0.76435673,0.83691156,0.034621447,HG00734,0
0.07001883,0.12079513,0.39639938,0.39928502,0.10837832,HG01094,0
0.08743706,0.12250784,0.35729396,0.34003806,0.120003104,HG01187,0
0.00571689,0.06472099,0.8429277,0.90322876,0.022080272,HG01105,0
0.0066360533,0.073043525,0.82992303,0.89218533,0.025556624,HG01247,0
0.041887105,0.10331157,0.49488634,0.5298359,0.07849011,HG01124,0
0.0060981214,0.069132626,0.8335817,0.8957271,0.024447978,HG01495,0
0.004224062,0.06344631,0.87036586,0.9275652,0.018809468,HG01086,0
0.004116833,0.064113915,0.86966175,0.92889476,0.018988818,HG01110,0
0.0055457354,0.0638617,0.8436931,0.9050789,0.021709293,HG01162,0
0.004645586,0.06374499,0.86431247,0.9214751,0.019462228,HG01359,0
0.008639276,0.082648456,0.7942761,0.8623862,0.03243351,HG01248,0
0.0045779943,0.06280053,0.86636376,0.9225098,0.019079864,HG01342,0
0.004536718,0.064412564,0.863728,0.92235756,0.01972127,HG00740,0
0.0042363107,0.064340174,0.8691511,0.9265484,0.019129306,HG01286,0
0.041909695,0.108189315,0.51339185,0.53940606,0.08124456,HG01440,0
0.0044721365,0.064439595,0.8635862,0.92237866,0.01986,HG01064,0
0.018050134,0.08753133,0.6585086,0.7283597,0.049160987,NA20299,0
0.0041805506,0.0632579,0.8694731,0.927538,0.01889348,HG01366,0
0.006431639,0.068101496,0.8280019,0.8910506,0.024591982,HG01077,0
0.0046854615,0.06138894,0.86411226,0.9203589,0.019025266,HG01139,0
0.12097311,0.14283803,0.30583352,0.2800892,0.14769346,HG01462,0
0.006064564,0.07101542,0.82892644,0.8958434,0.02507314,NA19707,0
0.055186987,0.11212945,0.4592802,0.4671067,0.09170288,HG02006,0
0.0042569637,0.06295872,0.86956495,0.9270821,0.01873821,HG02485,0
0.004248798,0.061096966,0.8735882,0.92784667,0.017899334,HG01880,0
0.004344374,0.062249303,0.87110555,0.9271543,0.018394709,NA20351,0
0.0040397346,0.066080034,0.8727063,0.93109167,0.019031107,NA19922,0
0.0044111907,0.06699544,0.8630843,0.9240686,0.020401448,NA20317,0
0.0051976144,0.06491768,0.8512939,0.9120524,0.021214545,NA19923,0
0.008136839,0.0700368,0.79582655,0.8627885,0.028451532,HG01988,0
0.007829964,0.07489917,0.8132622,0.87532103,0.02815929,HG02508,0
0.0037276745,0.06061101,0.8824259,0.93652844,0.016769856,HG02284,0
0.0062395334,0.072104335,0.83383906,0.89641213,0.025228113,NA19713,0
0.008672297,0.074946076,0.79940367,0.860311,0.030207843,HG01958,0
0.0065954328,0.076060295,0.82093567,0.8880573,0.02768296,HG02144,0
0.0037512481,0.062048644,0.88030267,0.93564427,0.01735738,HG01986,0
0.0035815835,0.06157294,0.88332856,0.93855494,0.01688847,HG02143,0
0.0045801103,0.06180817,0.86471653,0.922046,0.018992573,NA20126,0
0.0074619055,0.07600507,0.8104571,0.87823653,0.028520882,NA20362,0
0.0053147376,0.06526506,0.8503938,0.90948,0.021541417,NA20339,0
0.0056266487,0.07196593,0.8436245,0.9069592,0.02377829,HG02501,0
0.0041675568,0.060000956,0.8731325,0.9286629,0.017707765,NA20340,0
0.0038029253,0.05877769,0.8806531,0.9345627,0.01658371,HG02536,0
0.010662109,0.07980633,0.7656512,0.8326354,0.034848362,HG02255,0
0.0048241317,0.063516974,0.8600784,0.91757107,0.020005345,NA20282,0
0.00409621,0.065335184,0.8703251,0.92931366,0.019157201,HG01914,0
0.0071671307,0.07021245,0.81646955,0.8816918,0.026381195,NA19913,0
0.003814429,0.06099081,0.88146436,0.9349468,0.016965717,HG02471,0
0.003840983,0.060243607,0.8799293,0.9344654,0.016988724,NA19712,0
0.004482329,0.06296784,0.869946,0.9245485,0.018705457,NA20276,0
0.0038523078,0.061608434,0.8773155,0.9337411,0.017549515,HG02479,0
0.0038114488,0.062390268,0.8802898,0.93482983,0.017408937,NA20412,0
0.003782481,0.05963868,0.88040483,0.93460554,0.016823769,NA19475,0
0.037972152,0.10037628,0.52265966,0.5572113,0.07364291,HG02433,0
0.0034495592,0.057557583,0.8896425,0.94152415,0.015322328,HG02054,0
0.009886116,0.07972261,0.7744622,0.8437618,0.033567607,HG02325,0
0.0057435334,0.07294682,0.8427367,0.9051868,0.024129242,NA19324,0
0.005217582,0.06406739,0.8556719,0.91267383,0.020613372,HG02852,0
0.0037721694,0.061283946,0.88069236,0.93572366,0.01709804,HG01956,0
0.009993643,0.081852704,0.7778062,0.84575766,0.03390324,NA19455,0
0.005068034,0.06627062,0.854778,0.9143127,0.021244287,HG02505,0
0.0048704445,0.06385556,0.85932696,0.91688704,0.020172983,HG01915,0
0.68840635,0.28771836,0.059272528,0.026814908,0.493988,NA19429,0
0.0047747195,0.06841025,0.85629326,0.9182691,0.021474242,HG02445,0
0.00822264,0.07786381,0.8070008,0.87053233,0.029748708,NA19700,0
0.004939288,0.06512964,0.857785,0.91583836,0.020660102,NA19909,0
0.0046531856,0.061267585,0.8650737,0.92079663,0.01889065,HG02307,0
0.004553616,0.0671213,0.8609088,0.9219005,0.020661741,NA19321,0
0.0068635046,0.0721263,0.82443595,0.8864999,0.026388824,NA19374,0
0.0045303702,0.06637138,0.86031026,0.9215542,0.020522267,NA19024,0
0.005578339,0.06846139,0.8446306,0.90702456,0.022734404,HG02890,0
0.0043804646,0.062971056,0.87046456,0.9260047,0.018630773,NA19030,0
0.010439366,0.08150935,0.7728791,0.83966845,0.034611344,HG02330,0
0.0048033595,0.06252307,0.8627026,0.9190172,0.019448936,NA19319,0
0.003418684,0.057492465,0.8901105,0.9419569,0.015260369,HG02496,0
0.004769057,0.0705753,0.8560314,0.9178467,0.021946311,NA19457,0
0.0036886632,0.059328705,0.8827323,0.937168,0.016476125,HG01990,0
0.0048905313,0.06606302,0.85735905,0.91590154,0.021015584,HG02455,0
0.0034783483,0.05752343,0.8890078,0.9410752,0.0153853595,NA19315,0
0.0055184364,0.06754175,0.8470553,0.9080246,0.022303611,HG02111,0
0.004330933,0.0672299,0.8676938,0.9263667,0.019914687,HG02810,0
0.0045571923,0.06429848,0.865307,0.9226093,0.01960516,HG02450,0
0.0041765273,0.06211239,0.8726779,0.928832,0.018197596,HG02481,0
0.0042676628,0.062259078,0.87188053,0.92790437,0.018304735,NA19901,0
0.008627832,0.07676524,0.79861283,0.8614193,0.030819476,NA19037,0
0.005381793,0.07123494,0.84884,0.9105163,0.022994816,NA19471,0
0.003284961,0.05894828,0.8914914,0.943828,0.015428603,HG02840,0
0.005212158,0.0672847,0.8527278,0.912021,0.021778822,NA19375,0
0.008367062,0.08294001,0.797349,0.8669741,0.03193125,NA19350,0
0.0043928027,0.06281665,0.8699442,0.92604256,0.018655747,HG02108,0
0.008911729,0.08270913,0.78642774,0.8550011,0.03372085,NA19474,0
0.004058361,0.064837545,0.8711393,0.9292011,0.019067615,HG02315,0
0.029915929,0.113230705,0.61076903,0.64759576,0.0696753,NA19038,0
0.0047610104,0.06239426,0.86319435,0.91974723,0.019356757,HG02896,0
0.004275888,0.061086982,0.8714715,0.9273551,0.018126994,HG02621,0
0.0040442348,0.05912149,0.8771533,0.9312065,0.017058462,NA19334,0
0.0043992996,0.06314227,0.8687031,0.9252579,0.01893413,NA19376,0
0.003581196,0.059642345,0.88561755,0.93897367,0.01620233,NA19327,0
0.009514928,0.08194345,0.78474426,0.85225236,0.03317222,NA19328,0
0.003726542,0.060943842,0.88167703,0.93649113,0.016916841,NA19466,0
0.007344663,0.078586906,0.81062394,0.8800492,0.029134095,NA19449,0
0.013368458,0.086292416,0.73256195,0.8014928,0.04055682,NA19436,0
0.0038218796,0.061660737,0.87896216,0.93432873,0.01740247,HG01896,0
0.0063476562,0.07003221,0.82608706,0.89199543,0.025033444,HG02722,0
0.0057542324,0.06933102,0.84601486,0.9055275,0.022982687,HG02541,0
0.0035830438,0.05999714,0.8842044,0.93869907,0.016444653,NA19472,0
0.0037348568,0.06101814,0.88176036,0.93670523,0.01691401,HG03048,0
0.0032885075,0.05711487,0.89261174,0.94426537,0.014905959,HG02814,0
0.024967581,0.09389278,0.6109659,0.6656944,0.057987392,HG02283,0
0.007119149,0.07790482,0.8126831,0.8803798,0.029177964,NA19920,0
0.005832851,0.06559524,0.8412917,0.90180343,0.02249074,HG02799,0
0.003660351,0.061270744,0.88301206,0.9372847,0.016836017,HG02573,0
0.004043609,0.062823,0.8732768,0.9304706,0.018310428,NA19019,0
0.0038025975,0.06337035,0.87898314,0.9352666,0.017770827,HG02309,0
0.017929614,0.09237558,0.69712603,0.7507423,0.04810679,HG02771,0
0.004655391,0.06637314,0.8608062,0.91999894,0.02052933,HG03024,0
0.0034478307,0.058737785,0.88864994,0.941393,0.015675843,HG02332,0
0.004142791,0.059455037,0.87551045,0.9295765,0.017315835,HG02595,0
0.018134147,0.09680864,0.69151217,0.75390923,0.04983309,NA19917,0
0.0039615035,0.06241268,0.87735087,0.9325055,0.017736763,NA19431,0
0.00672853,0.080326885,0.82070947,0.8890239,0.028528094,NA19397,0
0.0041557252,0.06465757,0.870418,0.92877567,0.019062638,NA20332,0
0.0055510104,0.072077304,0.83940285,0.9043826,0.02444774,NA19347,0
0.0037024915,0.059696406,0.8822979,0.93640876,0.016596615,NA19401,0
0.008506745,0.07552576,0.8033592,0.863794,0.02997768,NA19393,0
0.004595965,0.068905234,0.86004364,0.9215094,0.021110535,NA19025,0
0.008228689,0.077655345,0.8068793,0.8708975,0.02945739,HG02760,0
0.0042836666,0.06298414,0.8683287,0.9255854,0.018895298,HG03258,0
0.004138559,0.060201585,0.87480354,0.929685,0.01755783,HG02610,0
0.004360229,0.06566802,0.8643527,0.9247794,0.019936174,HG02588,0
0.007004857,0.07755333,0.8144541,0.8820383,0.028870493,NA19026,0
0.005310297,0.064329565,0.854142,0.9112165,0.020849138,NA19467,0
0.0048406124,0.06415641,0.857419,0.9170511,0.020341516,NA19310,0
0.0058993995,0.07455492,0.83814037,0.90248793,0.02515778,NA19041,0
0.0040102005,0.060277075,0.8785259,0.93189394,0.017151743,HG02051,0
0.003300488,0.057187915,0.8923463,0.94405085,0.014950722,HG02679,0
0.0060681403,0.07531458,0.8318273,0.89847064,0.025809824,NA19437,0
0.0052523017,0.06957504,0.8501694,0.91219914,0.022414982,NA19468,0
0.0040886104,0.06279376,0.8742955,0.9309094,0.018137544,HG02807,0
0.0054804683,0.07217428,0.8459952,0.9085051,0.023530215,NA20321,0
0.0040134788,0.062016994,0.8732269,0.93089294,0.018115371,HG02013,0
0.007868558,0.075740516,0.80978084,0.874495,0.028641254,NA19463,0
0.0056153536,0.0743368,0.84188676,0.9058924,0.024493635,HG02861,0
0.010026336,0.07263461,0.7689192,0.83573294,0.03197044,HG02439,0
0.0038122535,0.060340375,0.88163936,0.9355843,0.016806066,NA19108,0
0.0038489103,0.061509192,0.8774365,0.9337998,0.01751411,HG02429,0
0.0042900145,0.06133586,0.87154543,0.92689157,0.018185675,HG02879,0
0.004659027,0.06477845,0.8650336,0.921459,0.019739628,HG02763,0
0.0041023195,0.05996585,0.87571925,0.93032104,0.017403096,HG03027,0
0.0034858882,0.057769388,0.8886727,0.94091433,0.015474528,HG03539,0
0.0062346756,0.07092559,0.83381855,0.8969145,0.024834752,HG02839,0
0.0097210705,0.0828889,0.7772411,0.84702283,0.034029633,NA19043,0
0.0041276217,0.064502776,0.8719766,0.92907286,0.018895894,NA20294,0
0.003438294,0.057662457,0.88906574,0.94144017,0.015423268,HG02854,0
0.005294442,0.064347684,0.85437477,0.9114981,0.0208278,HG02836,0
0.0040630996,0.05918494,0.87705135,0.9309279,0.017085195,HG03028,0
0.0045110285,0.062565476,0.8689145,0.92431575,0.018723339,HG03088,0
0.015730351,0.089212805,0.7101317,0.7739109,0.044641167,HG03247,0
0.024496824,0.10195172,0.61452305,0.67496485,0.061010778,NA18523,0
0.0048008263,0.06863117,0.8543415,0.9170495,0.021810085,HG01882,0
0.010666877,0.07770404,0.7563004,0.8277861,0.03494528,HG02545,0
0.004616916,0.0632042,0.86462617,0.9213797,0.019414008,HG02589,0
0.0052827597,0.07019147,0.8501914,0.9110917,0.022656024,HG02798,0
0.0045029223,0.06627193,0.8633354,0.9229903,0.020179093,HG02464,0
0.0056981146,0.07264534,0.83673406,0.90218955,0.024884343,HG03103,0
0.0055873096,0.06329402,0.8429884,0.90430737,0.02161181,HG02620,0
0.004588127,0.06910476,0.8599116,0.92120624,0.021145135,HG02667,0
0.004484415,0.06587374,0.86522233,0.9240173,0.0198977,NA20291,0
0.0044606924,0.062321335,0.8677306,0.9239924,0.018854678,NA18516,0
0.013943046,0.07940304,0.714432,0.7827103,0.040075928,NA19248,0
0.00331375,0.05723551,0.89203835,0.94382733,0.014994383,NA18502,0
0.0039315224,0.058748364,0.8793582,0.93310004,0.016732723,HG02646,0
0.004156381,0.065954,0.87093484,0.9291835,0.019238204,NA19023,0
0.005293876,0.06435427,0.854332,0.91148937,0.020835549,HG02585,0
0.003549099,0.05859658,0.8871669,0.9399852,0.01580751,HG02721,0
0.0042963624,0.064695746,0.8704058,0.9273051,0.019024402,HG03376,0
0.00448519,0.06111902,0.8663306,0.92338026,0.01870653,HG03304,0
0.003729999,0.06096506,0.8813733,0.9360142,0.017007858,NA19462,0
0.004870355,0.068869114,0.8520435,0.9157218,0.0220474,HG03382,0
0.00484097,0.062622786,0.86179376,0.91843224,0.019566089,HG03419,0
0.0033665001,0.06090778,0.88897556,0.9421764,0.016116112,HG02970,0
0.005664587,0.07047552,0.83865225,0.9036272,0.024009436,NA19114,0
0.005151212,0.06901538,0.8496283,0.91226137,0.022386193,NA19017,0
0.0035470128,0.0598526,0.88602054,0.9392662,0.016239583,NA19380,0
0.0036310256,0.058072507,0.8859552,0.93830395,0.0158436,HG02891,0
0.004070312,0.061459035,0.8725808,0.9300051,0.018069983,NA19107,0
0.008297145,0.07441777,0.79702044,0.864761,0.029590845,HG03298,0
0.0043303072,0.06278357,0.8711208,0.92696524,0.018544465,HG03385,0
0.0049483776,0.064906836,0.8555403,0.91468847,0.020862758,HG03060,0
0.0045178533,0.060459733,0.86718357,0.9228785,0.018473953,HG03559,0
0.0045585036,0.06938845,0.85888004,0.9214846,0.021397024,HG02571,0
0.0044749975,0.06354293,0.8682307,0.92470837,0.019005299,HG03410,0
0.0033547282,0.05749187,0.8912729,0.9431509,0.015126526,HG03428,0
0.00717178,0.068278015,0.81631655,0.8803308,0.025820524,HG02772,0
0.0042036176,0.062910795,0.87120044,0.9279461,0.018590987,HG02594,0
0.0036069453,0.059863716,0.8843962,0.93827343,0.01642546,NA19916,0
0.015317649,0.083506346,0.7039416,0.76829875,0.043149173,HG03097,0
0.00823313,0.0726057,0.80250597,0.8653481,0.028871596,NA18871,0
0.0054700375,0.0683226,0.8499055,0.90922904,0.022187293,HG03078,0
0.012567878,0.08290425,0.74042916,0.8079077,0.038657844,HG03571,0
0.0043367445,0.062515855,0.86933815,0.9259347,0.018670827,NA19153,0
0.0048885643,0.06370565,0.85868835,0.91654235,0.020204693,HG03484,0
0.005027324,0.06408864,0.8558918,0.91416955,0.020611316,NA19035,0
0.004288703,0.064579725,0.8699205,0.9276495,0.019028425,HG03370,0
0.0048784018,0.06714308,0.85886806,0.9184276,0.020875692,HG03202,0
0.004347235,0.06405681,0.86783665,0.9254997,0.01924181,HG02484,0
0.004715234,0.062015384,0.8642272,0.9203445,0.019155085,HG02678,0
0.023646861,0.10763362,0.6446589,0.7002508,0.060679972,HG02427,0
0.00367859,0.061698943,0.88192314,0.93685114,0.017050713,NA18504,0
0.00469169,0.067201614,0.85923755,0.91964436,0.020884573,HG03040,0
0.0051873922,0.06866959,0.85290766,0.91346973,0.021936059,HG03111,0
0.0036898255,0.05803302,0.8845942,0.93722224,0.015987903,HG03538,0
0.030971825,0.10815263,0.59094155,0.6361906,0.067833245,HG03084,0
0.004405111,0.06679866,0.86559397,0.92507315,0.020033598,HG02442,0
0.008373678,0.078902125,0.80652314,0.8694313,0.030267805,HG03085,0
0.00599885,0.06991106,0.83767176,0.89962924,0.024180025,HG03139,0
0.0041482747,0.059158742,0.8743454,0.9292512,0.017360806,HG03096,0
0.005389452,0.066640496,0.84779036,0.90920746,0.02209568,HG03563,0
0.0037488043,0.061832756,0.87980306,0.9355202,0.017362297,NA19141,0
0.0067040026,0.0763922,0.819023,0.8862775,0.028005213,HG03476,0
0.004311651,0.060991824,0.8697938,0.9262545,0.018301189,NA19159,0
0.008046657,0.0819335,0.80644715,0.8718996,0.03082493,HG03136,0
0.0055111647,0.065250576,0.84716624,0.9070691,0.021796137,HG03073,0
0.0042262673,0.06344947,0.87137365,0.92801774,0.018652976,HG03572,0
0.004327357,0.06231016,0.87274694,0.9269073,0.018242568,HG02470,0
0.0173648,0.090099424,0.6823457,0.7486421,0.04787737,HG03521,0
0.003376156,0.058356643,0.890422,0.9426435,0.015402585,HG03268,0
0.0037359893,0.058795333,0.88357735,0.9365393,0.016260147,NA18876,0
0.005135447,0.06607482,0.8551392,0.9142825,0.021109134,HG03313,0
0.0060146153,0.07091844,0.83123857,0.8973546,0.024861962,HG03196,0
0.0062354207,0.0786055,0.8275863,0.89537644,0.027359188,HG03401,0
0.010816693,0.08477071,0.76806396,0.8350396,0.036090523,HG03025,0
0.005706072,0.06825909,0.8437419,0.9039843,0.023069084,NA19130,0
0.0037340522,0.06257215,0.87965393,0.93557703,0.017516673,HG03193,0
0.003420353,0.05875033,0.88862824,0.9418235,0.01568526,NA19147,0
0.0036473572,0.060527116,0.88348615,0.9375449,0.016668856,HG03049,0
0.0034029484,0.057953507,0.8901273,0.9420396,0.015354097,HG02095,0
0.0048487484,0.06409031,0.8600397,0.9176619,0.02014482,HG03469,0
0.011242747,0.07952723,0.75781894,0.824281,0.035446286,NA19818,0
0.0038407147,0.058746576,0.88058513,0.9347521,0.016590625,HG02537,0
0.003945738,0.05967921,0.8786603,0.933056,0.017009854,HG03099,0
0.004475355,0.06627515,0.861708,0.92282856,0.020331532,HG02511,0
0.0044796467,0.061304092,0.8676114,0.9238853,0.018609822,HG03267,0
0.004593909,0.06297642,0.8650029,0.9217523,0.019319743,HG03072,0
0.019669414,0.088240474,0.6596945,0.720889,0.050027728,HG02979,0
0.020343691,0.104120255,0.6797218,0.73358226,0.055083424,HG03343,0
0.004550189,0.06675875,0.8599404,0.9215417,0.020638287,NA18856,0
0.004053384,0.061372638,0.8759217,0.9314096,0.01770091,HG02938,0
0.010108888,0.08516142,0.77845496,0.844905,0.03553012,NA18861,0
0.0043290555,0.06252706,0.8684449,0.9260807,0.018741906,HG02973,0
0.020821333,0.088244945,0.64423203,0.70356256,0.05205372,NA19222,0
0.004586965,0.067361385,0.86383533,0.9230188,0.020346314,NA20289,0
0.008589238,0.07718372,0.79510486,0.8612739,0.030872047,HG02941,0
0.0042206645,0.05951953,0.8727208,0.9280325,0.017621845,HG03499,0
0.0040077567,0.061533898,0.87742484,0.9319762,0.017549455,NA19214,0
0.004837543,0.06477699,0.85993624,0.9185606,0.020219028,NA18881,0
0.0038071275,0.061522275,0.8799187,0.9351244,0.01723501,HG02549,0
0.0050102174,0.06396541,0.85533965,0.9147022,0.020584315,HG03565,0
0.0034909844,0.0601117,0.887367,0.9405895,0.016108602,HG03442,0
0.004772663,0.06924817,0.85552096,0.9181414,0.021787107,HG03354,0
0.0041598976,0.06589097,0.86892927,0.92825496,0.019435674,HG03189,0
0.003908515,0.06301534,0.8760061,0.9322833,0.01810652,HG02944,0
0.0041379035,0.061476678,0.87396127,0.9296582,0.017949909,HG03556,0
0.0044200122,0.0607118,0.8676615,0.9244778,0.018455893,HG03432,0
0.004810989,0.06540117,0.86048365,0.9185084,0.020420313,NA18499,0
0.005323231,0.06396821,0.85017854,0.90995014,0.021143734,HG03120,0
0.009634435,0.08320138,0.78474987,0.8524077,0.03385982,HG03460,0
0.0040581226,0.06354043,0.8739161,0.9302803,0.018406302,NA19257,0
0.0052072406,0.06402537,0.8558594,0.91283196,0.02058211,HG03446,0
0.010004252,0.08080858,0.7812983,0.8438684,0.034206808,HG03133,0
0.007019192,0.07080993,0.8236809,0.88414747,0.026146352,NA18909,0
0.0039269924,0.062207878,0.87643206,0.93316543,0.017790884,HG02611,0
0.0058636963,0.07204571,0.83792347,0.9021676,0.024519652,HG03520,0
0.007144153,0.07420993,0.8195882,0.88250405,0.02751115,HG03074,0
0.00414142,0.061210543,0.87527335,0.9297713,0.017717212,HG03397,0
0.008392811,0.07839236,0.8048024,0.86834776,0.03016615,NA19099,0
0.0041766167,0.063322425,0.87365985,0.92941916,0.018367738,HG03452,0
0.0055835545,0.06508368,0.84837353,0.9065624,0.021662056,HG03449,0
0.0036435723,0.057943135,0.88513756,0.9380703,0.015907705,HG03380,0
0.0147771835,0.08990702,0.72944427,0.7908486,0.042913496,NA18507,0
0.013894588,0.082740605,0.7227816,0.78963053,0.040662616,HG02497,0
0.005197227,0.06654039,0.85674214,0.91331613,0.021056592,HG03575,0
0.0049168468,0.06501216,0.8582251,0.91620004,0.020581275,NA18489,0
0.0056981146,0.07264534,0.83673406,0.90218955,0.024884343,NA19102,0
0.0066495836,0.074905634,0.82179356,0.88926244,0.027054489,HG02946,0
0.004561782,0.061702013,0.86597556,0.922586,0.018879771,HG03199,0
0.006390065,0.06922042,0.83398587,0.89395046,0.024502397,HG02666,0
0.0035834312,0.05909115,0.8849672,0.9386238,0.016167045,HG03279,0
0.0044434667,0.06163928,0.8680323,0.9245366,0.01860094,HG03159,0
0.003926307,0.06313804,0.87563556,0.93196553,0.018177658,NA18505,0
0.0044813454,0.06239453,0.86739135,0.92364,0.018916667,HG03366,0
0.004229963,0.063726336,0.8708226,0.92757785,0.01878184,HG03270,0
0.0040282905,0.059033006,0.8773943,0.9314288,0.01701203,HG03455,0
0.003940165,0.059729427,0.87915707,0.932896,0.0169608,HG03464,0
0.0061522126,0.069093615,0.83218753,0.89624816,0.0243541,NA18908,0
0.008019716,0.07684645,0.79774094,0.8672287,0.030456543,HG03057,0
0.004304081,0.061071545,0.8707708,0.92662466,0.018203229,HG03577,0
0.004175633,0.0611794,0.87511903,0.9291065,0.017733276,NA19198,0
0.0047635436,0.0673528,0.8547805,0.9177527,0.021415114,HG03129,0
0.013707906,0.09068903,0.7345408,0.80227065,0.04228884,HG02703,0
0.004767269,0.06471789,0.86049336,0.91901845,0.020210117,HG03058,0
0.0036112368,0.062121063,0.88185245,0.9374554,0.017186701,HG03547,0
0.0051416457,0.06996441,0.8473444,0.91123617,0.022952855,NA19236,0
0.0043416917,0.06200692,0.87162507,0.9263313,0.01832959,HG03300,0
0.0038659275,0.061354786,0.87967396,0.93396413,0.01727137,NA18865,0
0.004679084,0.062204093,0.86387837,0.92092496,0.019226998,HG03077,0
0.01751703,0.08852503,0.6816996,0.7447015,0.047943532,HG03291,0
0.0073067844,0.06973562,0.8129947,0.87848544,0.026685983,HG03115,0
0.005299479,0.07139951,0.84608996,0.90963864,0.02335608,HG03297,0
0.0041823387,0.061189473,0.8736542,0.9284716,0.017909318,NA19175,0
0.005980104,0.06964496,0.83603823,0.9001372,0.024096519,HG03548,0
0.005604714,0.065053046,0.8442632,0.9050307,0.022052646,NA18517,0
0.004588753,0.065681756,0.86498296,0.92186224,0.019976497,NA19189,0
0.0036238134,0.060651153,0.88292384,0.9378089,0.016747594,NA18488,0
0.0048565865,0.06457749,0.8598685,0.9173889,0.020290762,NA18874,0
0.008351654,0.08370569,0.8011676,0.8671329,0.031888098,HG03086,0
0.0046664476,0.0637345,0.8619405,0.9199789,0.019863188,NA18508,0
0.0045134723,0.061199516,0.86569154,0.92292404,0.018788755,NA19096,0
0.017261714,0.08733654,0.68765235,0.7505553,0.046517342,NA18912,0
0.0039566457,0.0609501,0.87775445,0.9327753,0.017393649,HG02314,0
0.0042493045,0.06244594,0.87252116,0.9282948,0.018277973,HG03439,0
0.0045568943,0.06778219,0.86028665,0.92175627,0.020914048,HG03485,0
0.0041039884,0.06665403,0.8703208,0.9295565,0.019438833,NA19095,0
0.0045906007,0.06176418,0.8652499,0.9220334,0.018976629,HG03175,0
0.018133968,0.09814909,0.6937587,0.75626206,0.05027941,HG03301,0
0.008344501,0.077988386,0.805251,0.8688395,0.029993236,HG03517,0
0.0049152374,0.0653525,0.858595,0.91742533,0.020497322,NA19121,0
0.003969699,0.058698922,0.8784226,0.932356,0.016819477,HG03433,0
0.018063098,0.099277645,0.7005664,0.76005757,0.049874067,NA18934,0
0.0077427626,0.075330615,0.8169508,0.8765665,0.028235734,HG03265,0
0.008586317,0.08257818,0.800048,0.8673084,0.031742126,HG03369,0
0.0037578344,0.06123811,0.88104415,0.9354221,0.017111093,HG03066,0
0.004518658,0.06292972,0.8677871,0.9243989,0.018922925,NA19225,0
0.0050432086,0.068662256,0.8533464,0.914646,0.021772176,HG02981,0
0.0037612617,0.060727894,0.88175595,0.935843,0.016876101,HG03367,0
0.0042955577,0.06229371,0.8719096,0.92716074,0.018376589,HG02947,0
0.0036596954,0.061928242,0.88147384,0.93722975,0.017171264,HG03132,0
0.0072253346,0.0720427,0.81389934,0.88028264,0.027265191,HG03108,0
0.0037803352,0.060881346,0.88050026,0.9354824,0.017055392,HG03118,0
0.0070464313,0.0745053,0.82543635,0.8869877,0.026535928,HG03515,0
0.00840953,0.08101922,0.7946842,0.8635999,0.031814665,HG02489,0
0.003668785,0.05812511,0.88511395,0.9376229,0.015950203,HG03160,0
0.0038279593,0.05944258,0.879717,0.93452215,0.0168508,HG03280,0
0.00433442,0.06353733,0.86962587,0.92610717,0.018915147,HG03473,0
0.029077321,0.093459934,0.5757004,0.6223605,0.06277636,HG03303,0
0.0042197704,0.060476184,0.87214756,0.92805827,0.017920047,HG02953,0
0.0037801564,0.062024325,0.8795131,0.93493634,0.017442226,NA19143,0
0.003399223,0.058392644,0.890226,0.94208986,0.015433013,HG03558,0
0.008752584,0.07676974,0.79095495,0.858133,0.031073868,HG02971,0
0.007079184,0.07412869,0.82088447,0.88367295,0.027334094,HG03511,0
